timestamp,open,high,low,close,adjusted_close,volume,dividend_amount,split_coefficient
1/1/2021,0.8182,0.8182,0.8176,0.8176,0.8176,0,0,0
12/31/2020,0.8126,0.8187,0.8119,0.8183,0.8183,0,0,0
12/30/2020,0.8162,0.8163,0.8121,0.8125,0.8125,0,0,0
12/29/2020,0.8186,0.8189,0.8144,0.816,0.816,0,0,0
12/28/2020,0.8198,0.8207,0.8161,0.8183,0.8183,0,0,0
12/25/2020,0.8203,0.8219,0.8181,0.8185,0.8185,0,0,0
12/24/2020,0.8203,0.821,0.818,0.8197,0.8197,0,0,0
12/23/2020,0.8215,0.8223,0.818,0.8204,0.8204,0,0,0
12/22/2020,0.8164,0.8226,0.8156,0.822,0.822,0,0,0
12/21/2020,0.818,0.8241,0.8158,0.8165,0.8165,0,0,0
12/18/2020,0.8149,0.8176,0.8145,0.8155,0.8155,0,0,0
12/17/2020,0.8194,0.82,0.8144,0.8148,0.8148,0,0,0
12/16/2020,0.8225,0.8243,0.8186,0.8195,0.8195,0,0,0
12/15/2020,0.8235,0.8246,0.8216,0.8225,0.8225,0,0,0
12/14/2020,0.8237,0.8251,0.8209,0.8229,0.8229,0,0,0
12/11/2020,0.8237,0.8258,0.8219,0.8254,0.8254,0,0,0
12/10/2020,0.8278,0.8279,0.8222,0.8233,0.8233,0,0,0
12/9/2020,0.826,0.8262,0.8228,0.8236,0.8236,0,0,0
12/8/2020,0.8257,0.8264,0.8239,0.8259,0.8259,0,0,0
12/7/2020,0.8239,0.8276,0.822,0.8255,0.8255,0,0,0
12/4/2020,0.8228,0.8255,0.8209,0.8247,0.8247,0,0,0
12/3/2020,0.8253,0.8261,0.8209,0.8227,0.8227,0,0,0
12/2/2020,0.8282,0.8303,0.8248,0.8249,0.8249,0,0,0
12/1/2020,0.8381,0.8383,0.8278,0.8282,0.8282,0,0,0
11/30/2020,0.8358,0.8385,0.833,0.8385,0.8385,0,0,0
11/27/2020,0.8391,0.8396,0.8353,0.8353,0.8353,0,0,0
11/26/2020,0.8387,0.841,0.8371,0.8391,0.8391,0,0,0
11/25/2020,0.841,0.8414,0.838,0.8389,0.8389,0,0,0
11/24/2020,0.8445,0.8446,0.8403,0.8406,0.8406,0,0,0
11/23/2020,0.8429,0.8471,0.8396,0.844,0.844,0,0,0
11/20/2020,0.842,0.8436,0.8408,0.8433,0.8433,0,0,0
11/19/2020,0.8429,0.8459,0.8413,0.8419,0.8419,0,0,0
11/18/2020,0.8427,0.8437,0.8408,0.8434,0.8434,0,0,0
11/17/2020,0.8432,0.8439,0.8407,0.8428,0.8428,0,0,0
11/16/2020,0.8445,0.8462,0.8424,0.8434,0.8434,0,0,0
11/13/2020,0.847,0.8473,0.8446,0.8448,0.8448,0,0,0
11/12/2020,0.8486,0.8502,0.8457,0.8468,0.8468,0,0,0
11/11/2020,0.8461,0.8461,0.8449,0.8455,0.8455,0,0,0
11/10/2020,0.8461,0.8487,0.8441,0.8461,0.8461,0,0,0
11/9/2020,0.8412,0.8474,0.8387,0.8463,0.8463,0,0,0
11/6/2020,0.8452,0.8474,0.8408,0.8419,0.8419,0,0,0
11/5/2020,0.8524,0.8536,0.843,0.8451,0.8451,0,0,0
11/4/2020,0.8534,0.8613,0.8496,0.8561,0.8561,0,0,0
11/3/2020,0.8587,0.8591,0.8516,0.853,0.853,0,0,0
11/2/2020,0.8586,0.8601,0.8577,0.8588,0.8588,0,0,0
10/30/2020,0.8564,0.8588,0.8542,0.8584,0.8584,0,0,0
10/29/2020,0.851,0.8581,0.85,0.8563,0.8563,0,0,0
10/28/2020,0.848,0.8531,0.848,0.8511,0.8511,0,0,0
10/27/2020,0.8463,0.8484,0.8444,0.8481,0.8481,0,0,0
10/26/2020,0.8431,0.847,0.8431,0.8465,0.8465,0,0,0
10/23/2020,0.8457,0.8481,0.8426,0.8426,0.8426,0,0,0
10/22/2020,0.8425,0.8461,0.8422,0.8457,0.8457,0,0,0
10/21/2020,0.8456,0.8456,0.8412,0.8428,0.8428,0,0,0
10/20/2020,0.8494,0.85,0.8443,0.8455,0.8455,0,0,0
10/19/2020,0.8531,0.8542,0.8476,0.8495,0.8495,0,0,0
10/16/2020,0.8536,0.8549,0.851,0.8527,0.8527,0,0,0
10/15/2020,0.8508,0.8552,0.8501,0.8536,0.8536,0,0,0
10/14/2020,0.8513,0.8529,0.8492,0.8507,0.8507,0,0,0
10/13/2020,0.8462,0.8521,0.8459,0.8511,0.8511,0,0,0
10/12/2020,0.846,0.8481,0.8452,0.846,0.846,0,0,0
10/9/2020,0.85,0.8502,0.845,0.8453,0.8453,0,0,0
10/8/2020,0.8495,0.8519,0.8484,0.8501,0.8501,0,0,0
10/7/2020,0.8519,0.8526,0.8483,0.8498,0.8498,0,0,0
10/6/2020,0.8483,0.8525,0.8466,0.8519,0.8519,0,0,0
10/5/2020,0.8533,0.8538,0.8474,0.8485,0.8485,0,0,0
10/2/2020,0.8507,0.8546,0.8507,0.8532,0.8532,0,0,0
10/1/2020,0.8527,0.8532,0.8494,0.8509,0.8509,0,0,0
9/30/2020,0.8513,0.8555,0.8504,0.8527,0.8527,0,0,0
9/29/2020,0.857,0.8571,0.8509,0.8514,0.8514,0,0,0
9/28/2020,0.8596,0.8606,0.8559,0.8571,0.8571,0,0,0
9/25/2020,0.8564,0.8608,0.8554,0.8592,0.8592,0,0,0
9/24/2020,0.8573,0.8596,0.8554,0.8565,0.8565,0,0,0
9/23/2020,0.854,0.8579,0.853,0.8573,0.8573,0,0,0
9/22/2020,0.8496,0.855,0.8492,0.8538,0.8538,0,0,0
9/21/2020,0.8441,0.8521,0.842,0.8494,0.8494,0,0,0
9/18/2020,0.844,0.845,0.8423,0.8446,0.8446,0,0,0
9/17/2020,0.846,0.8513,0.8432,0.8439,0.8439,0,0,0
9/16/2020,0.8437,0.8479,0.8414,0.8462,0.8462,0,0,0
9/15/2020,0.8423,0.8443,0.84,0.8435,0.8435,0,0,0
9/14/2020,0.8444,0.8449,0.8409,0.8425,0.8425,0,0,0
9/11/2020,0.8458,0.8458,0.8417,0.8439,0.8439,0,0,0
9/10/2020,0.8463,0.8471,0.8391,0.8456,0.8456,0,0,0
9/9/2020,0.8496,0.8504,0.8451,0.8466,0.8466,0,0,0
9/8/2020,0.846,0.8502,0.8453,0.8496,0.8496,0,0,0
9/7/2020,0.8442,0.8467,0.8436,0.8461,0.8461,0,0,0
9/4/2020,0.8438,0.8485,0.8426,0.8444,0.8444,0,0,0
9/3/2020,0.8431,0.8479,0.8425,0.8439,0.8439,0,0,0
9/2/2020,0.8389,0.8455,0.8378,0.8433,0.8433,0,0,0
9/1/2020,0.8375,0.8399,0.8324,0.8388,0.8388,0,0,0
8/31/2020,0.8394,0.8412,0.8356,0.8375,0.8375,0,0,0
8/28/2020,0.8457,0.8463,0.8386,0.8396,0.8396,0,0,0
8/27/2020,0.844,0.8496,0.84,0.8458,0.8458,0,0,0
8/26/2020,0.8449,0.849,0.8442,0.8445,0.8445,0,0,0
8/25/2020,0.8476,0.8483,0.844,0.8448,0.8448,0,0,0
8/24/2020,0.847,0.8483,0.8435,0.8474,0.8474,0,0,0
8/21/2020,0.8426,0.8505,0.8411,0.8474,0.8474,0,0,0
8/20/2020,0.8435,0.8468,0.8422,0.8425,0.8425,0,0,0
8/19/2020,0.8373,0.8449,0.8363,0.8435,0.8435,0,0,0
8/18/2020,0.842,0.8421,0.8356,0.8373,0.8373,0,0,0
8/17/2020,0.8442,0.845,0.8412,0.8417,0.8417,0,0,0
8/14/2020,0.8459,0.8484,0.8434,0.8446,0.8446,0,0,0
8/13/2020,0.848,0.8483,0.8426,0.846,0.846,0,0,0
8/12/2020,0.8513,0.8536,0.8463,0.8478,0.8478,0,0,0
8/11/2020,0.8515,0.8528,0.8468,0.8512,0.8512,0,0,0
8/10/2020,0.8487,0.8519,0.8471,0.8514,0.8514,0,0,0
8/7/2020,0.8413,0.8504,0.8412,0.8483,0.8483,0,0,0
8/6/2020,0.8421,0.8459,0.839,0.8411,0.8411,0,0,0
8/5/2020,0.8474,0.8476,0.8397,0.842,0.842,0,0,0
8/4/2020,0.8501,0.8527,0.8467,0.847,0.847,0,0,0
8/3/2020,0.8482,0.8544,0.8476,0.8501,0.8501,0,0,0
7/31/2020,0.8437,0.8496,0.8396,0.8492,0.8492,0,0,0
7/30/2020,0.8479,0.852,0.8434,0.8438,0.8438,0,0,0
7/29/2020,0.8531,0.8534,0.8469,0.8479,0.8479,0,0,0
7/28/2020,0.8499,0.8545,0.849,0.853,0.853,0,0,0
7/27/2020,0.858,0.8587,0.8486,0.8498,0.8498,0,0,0
7/24/2020,0.8617,0.8631,0.8575,0.8582,0.8582,0,0,0
7/23/2020,0.8641,0.866,0.8599,0.8617,0.8617,0,0,0
7/22/2020,0.8669,0.8686,0.8618,0.864,0.864,0,0,0
7/21/2020,0.8734,0.875,0.8663,0.8668,0.8668,0,0,0
7/20/2020,0.8741,0.8764,0.8717,0.8733,0.8733,0,0,0
7/17/2020,0.8782,0.8786,0.8734,0.8749,0.8749,0,0,0
7/16/2020,0.8757,0.8791,0.8737,0.8781,0.8781,0,0,0
7/15/2020,0.8763,0.8776,0.873,0.876,0.876,0,0,0
7/14/2020,0.8812,0.8826,0.8758,0.8762,0.8762,0,0,0
7/13/2020,0.8834,0.8846,0.8786,0.8809,0.8809,0,0,0
7/10/2020,0.8857,0.8881,0.8826,0.8848,0.8848,0,0,0
7/9/2020,0.8822,0.8862,0.8792,0.8857,0.8857,0,0,0
7/8/2020,0.8867,0.8876,0.8808,0.8822,0.8822,0,0,0
7/7/2020,0.8839,0.8878,0.8822,0.8866,0.8866,0,0,0
7/6/2020,0.8887,0.8891,0.8812,0.8838,0.8838,0,0,0
7/3/2020,0.8894,0.891,0.8885,0.8887,0.8887,0,0,0
7/2/2020,0.8885,0.8907,0.8845,0.8892,0.8892,0,0,0
7/1/2020,0.8898,0.8935,0.8868,0.8884,0.8884,0,0,0
6/30/2020,0.8888,0.8932,0.8878,0.8897,0.8897,0,0,0
6/29/2020,0.8905,0.891,0.8857,0.8888,0.8888,0,0,0
6/26/2020,0.8909,0.8928,0.8895,0.8912,0.8912,0,0,0
6/25/2020,0.8885,0.8931,0.8878,0.8909,0.8909,0,0,0
6/24/2020,0.884,0.8887,0.8825,0.8885,0.8885,0,0,0
6/23/2020,0.8869,0.8899,0.8809,0.8841,0.8841,0,0,0
6/22/2020,0.8942,0.8951,0.8864,0.8868,0.8868,0,0,0
6/19/2020,0.8917,0.8948,0.8883,0.8943,0.8943,0,0,0
6/18/2020,0.889,0.8935,0.8878,0.8919,0.8919,0,0,0
6/17/2020,0.8878,0.8918,0.8853,0.8889,0.8889,0,0,0
6/16/2020,0.8823,0.8902,0.8806,0.8878,0.8878,0,0,0
6/15/2020,0.8889,0.8904,0.8822,0.8823,0.8823,0,0,0
6/12/2020,0.8848,0.8915,0.8814,0.8881,0.8881,0,0,0
6/11/2020,0.8787,0.8857,0.877,0.8849,0.8849,0,0,0
6/10/2020,0.8816,0.8822,0.8755,0.8787,0.8787,0,0,0
6/9/2020,0.8851,0.8893,0.8797,0.8817,0.8817,0,0,0
6/8/2020,0.8846,0.8871,0.8831,0.8849,0.8849,0,0,0
6/5/2020,0.8817,0.8863,0.8782,0.8857,0.8857,0,0,0
6/4/2020,0.89,0.893,0.8799,0.8831,0.8831,0,0,0
6/3/2020,0.8948,0.8951,0.8884,0.8897,0.8897,0,0,0
6/2/2020,0.898,0.8994,0.8927,0.8946,0.8946,0,0,0
6/1/2020,0.8997,0.9005,0.8964,0.898,0.898,0,0,0
5/29/2020,0.9027,0.903,0.897,0.9001,0.9001,0,0,0
5/28/2020,0.9077,0.9095,0.9012,0.9028,0.9028,0,0,0
5/27/2020,0.9103,0.9142,0.9062,0.9078,0.9078,0,0,0
5/26/2020,0.9176,0.9176,0.9091,0.9103,0.9103,0,0,0
5/25/2020,0.9168,0.9197,0.9158,0.9175,0.9175,0,0,0
5/22/2020,0.9129,0.9183,0.9124,0.9169,0.9169,0,0,0
5/21/2020,0.9105,0.9138,0.9082,0.9129,0.9129,0,0,0
5/20/2020,0.9153,0.9153,0.909,0.9105,0.9105,0,0,0
5/19/2020,0.9158,0.917,0.911,0.9152,0.9152,0,0,0
5/18/2020,0.9239,0.9256,0.9149,0.9157,0.9157,0,0,0
5/15/2020,0.9252,0.9265,0.9215,0.9241,0.9241,0,0,0
5/14/2020,0.9241,0.9277,0.9235,0.9254,0.9254,0,0,0
5/13/2020,0.9214,0.9246,0.9178,0.9242,0.9242,0,0,0
5/12/2020,0.9247,0.927,0.9184,0.9213,0.9213,0,0,0
5/11/2020,0.9228,0.9255,0.9211,0.9248,0.9248,0,0,0
5/8/2020,0.9224,0.9243,0.9193,0.9223,0.9223,0,0,0
5/7/2020,0.9257,0.9285,0.9221,0.9225,0.9225,0,0,0
5/6/2020,0.925,0.9264,0.9242,0.9258,0.9258,0,0,0
5/5/2020,0.9166,0.9233,0.915,0.9218,0.9218,0,0,0
5/4/2020,0.9125,0.9175,0.912,0.9169,0.9169,0,0,0
5/1/2020,0.9134,0.9143,0.9076,0.9105,0.9105,0,0,0
4/30/2020,0.9192,0.9226,0.9115,0.9136,0.9136,0,0,0
4/29/2020,0.9235,0.9236,0.9185,0.9193,0.9193,0,0,0
4/28/2020,0.9232,0.9248,0.9182,0.9235,0.9235,0,0,0
4/27/2020,0.9242,0.9247,0.9206,0.9233,0.9233,0,0,0
4/24/2020,0.9275,0.9318,0.9232,0.9236,0.9236,0,0,0
4/23/2020,0.9238,0.9293,0.9219,0.9274,0.9274,0,0,0
4/22/2020,0.9209,0.9253,0.9186,0.9237,0.9237,0,0,0
4/21/2020,0.9202,0.9241,0.919,0.921,0.921,0,0,0
4/20/2020,0.9199,0.9221,0.9174,0.9202,0.9202,0,0,0
4/17/2020,0.9201,0.9246,0.9179,0.9193,0.9193,0,0,0
4/16/2020,0.9169,0.9242,0.9164,0.9205,0.9205,0,0,0
4/15/2020,0.9102,0.9208,0.9097,0.9169,0.9169,0,0,0
4/14/2020,0.9159,0.9159,0.9096,0.9102,0.9102,0,0,0
4/13/2020,0.9141,0.9177,0.9116,0.9158,0.9158,0,0,0
4/10/2020,0.9148,0.9156,0.9125,0.9141,0.9141,0,0,0
4/9/2020,0.9207,0.9221,0.9129,0.9149,0.9149,0,0,0
4/8/2020,0.9178,0.923,0.917,0.9206,0.9206,0,0,0
4/7/2020,0.9267,0.9268,0.9155,0.9177,0.9177,0,0,0
4/6/2020,0.9242,0.9282,0.9226,0.927,0.927,0,0,0
4/3/2020,0.9214,0.9279,0.9206,0.9247,0.9247,0,0,0
4/2/2020,0.9125,0.9239,0.9119,0.9212,0.9212,0,0,0
4/1/2020,0.907,0.9169,0.9056,0.9124,0.9124,0,0,0
3/31/2020,0.9055,0.9147,0.9051,0.907,0.907,0,0,0
3/30/2020,0.8999,0.9079,0.8972,0.9051,0.9051,0,0,0
3/27/2020,0.9058,0.9126,0.897,0.897,0.897,0,0,0
3/26/2020,0.9188,0.9191,0.904,0.9056,0.9056,0,0,0
3/25/2020,0.9246,0.9287,0.9175,0.9189,0.9189,0,0,0
3/24/2020,0.93,0.9305,0.918,0.9246,0.9246,0,0,0
3/23/2020,0.9378,0.9379,0.9234,0.9304,0.9304,0,0,0
3/20/2020,0.9372,0.9396,0.9231,0.9341,0.9341,0,0,0
3/19/2020,0.9143,0.9383,0.9106,0.9375,0.9375,0,0,0
3/18/2020,0.9075,0.9258,0.9052,0.9146,0.9146,0,0,0
3/17/2020,0.8947,0.9124,0.8933,0.9075,0.9075,0,0,0
3/16/2020,0.8957,0.9016,0.8897,0.8951,0.8951,0,0,0
3/13/2020,0.8943,0.9042,0.8911,0.9014,0.9014,0,0,0
3/12/2020,0.8876,0.904,0.8819,0.8945,0.8945,0,0,0
3/11/2020,0.884,0.8885,0.8796,0.8879,0.8879,0,0,0
3/10/2020,0.874,0.8868,0.874,0.884,0.884,0,0,0
3/9/2020,0.878,0.8803,0.8705,0.8739,0.8739,0,0,0
3/6/2020,0.8901,0.8915,0.8805,0.8855,0.8855,0,0,0
3/5/2020,0.8979,0.8989,0.889,0.8903,0.8903,0,0,0
3/4/2020,0.8945,0.901,0.8939,0.8981,0.8981,0,0,0
3/3/2020,0.8973,0.9008,0.8919,0.8948,0.8948,0,0,0
3/2/2020,0.9042,0.9058,0.894,0.897,0.897,0,0,0
2/28/2020,0.9085,0.9129,0.9045,0.9064,0.9064,0,0,0
2/27/2020,0.9187,0.9189,0.9083,0.9086,0.9086,0,0,0
2/26/2020,0.9189,0.9209,0.9167,0.9187,0.9187,0,0,0
2/25/2020,0.9211,0.9231,0.9181,0.9187,0.9187,0,0,0
2/24/2020,0.923,0.925,0.9194,0.9212,0.9212,0,0,0
2/21/2020,0.9268,0.9269,0.9202,0.9209,0.9209,0,0,0
2/20/2020,0.925,0.9274,0.9238,0.9267,0.9267,0,0,0
2/19/2020,0.9262,0.9271,0.9245,0.9249,0.9249,0,0,0
2/18/2020,0.9225,0.9268,0.9222,0.9262,0.9262,0,0,0
2/17/2020,0.9225,0.9232,0.9212,0.9225,0.9225,0,0,0
2/14/2020,0.9223,0.9231,0.9204,0.923,0.923,0,0,0
2/13/2020,0.9196,0.9227,0.9181,0.9223,0.9223,0,0,0
2/12/2020,0.9157,0.9201,0.915,0.9195,0.9195,0,0,0
2/11/2020,0.9161,0.9176,0.9149,0.9156,0.9156,0,0,0
2/10/2020,0.9133,0.9164,0.9121,0.9162,0.9162,0,0,0
2/7/2020,0.9104,0.9137,0.9097,0.9134,0.9134,0,0,0
2/6/2020,0.9088,0.9118,0.9079,0.9105,0.9105,0,0,0
2/5/2020,0.9052,0.9093,0.9047,0.9088,0.9088,0,0,0
2/4/2020,0.904,0.9061,0.9033,0.9052,0.9052,0,0,0
2/3/2020,0.9019,0.9053,0.9012,0.904,0.904,0,0,0
1/31/2020,0.9062,0.9074,0.901,0.9011,0.9011,0,0,0
1/30/2020,0.9077,0.9082,0.9055,0.9059,0.9059,0,0,0
1/29/2020,0.907,0.9095,0.9063,0.908,0.908,0,0,0
1/28/2020,0.9073,0.9089,0.9065,0.907,0.907,0,0,0
1/27/2020,0.9063,0.908,0.9054,0.9074,0.9074,0,0,0
1/24/2020,0.904,0.9071,0.9039,0.9063,0.9063,0,0,0
1/23/2020,0.9011,0.9058,0.8999,0.9042,0.9042,0,0,0
1/22/2020,0.902,0.903,0.9006,0.9011,0.9011,0,0,0
1/21/2020,0.9009,0.9022,0.8991,0.902,0.902,0,0,0
1/20/2020,0.9013,0.9025,0.9002,0.9009,0.9009,0,0,0
1/17/2020,0.8975,0.9017,0.8969,0.9016,0.9016,0,0,0
1/16/2020,0.8965,0.8983,0.8946,0.8976,0.8976,0,0,0
1/15/2020,0.8985,0.8991,0.8955,0.8966,0.8966,0,0,0
1/14/2020,0.8978,0.9002,0.8968,0.8984,0.8984,0,0,0
1/13/2020,0.8991,0.8996,0.8968,0.8977,0.8977,0,0,0
1/10/2020,0.9001,0.9018,0.8981,0.899,0.899,0,0,0
1/9/2020,0.8998,0.9011,0.8989,0.9002,0.9002,0,0,0
1/8/2020,0.8966,0.9004,0.8952,0.8998,0.8998,0,0,0
1/7/2020,0.8929,0.8979,0.8925,0.8966,0.8966,0,0,0
1/6/2020,0.8956,0.896,0.892,0.8929,0.8929,0,0,0
1/3/2020,0.8944,0.8986,0.894,0.8962,0.8962,0,0,0
1/2/2020,0.8915,0.8955,0.8906,0.8949,0.8949,0,0,0
1/1/2020,0.8916,0.892,0.8887,0.8915,0.8915,0,0,0
12/31/2019,0.8924,0.8926,0.8893,0.8912,0.8912,0,0,0
12/30/2019,0.8945,0.8945,0.8908,0.8925,0.8925,0,0,0
12/27/2019,0.9008,0.9008,0.8933,0.8944,0.8944,0,0,0
12/26/2019,0.9013,0.9021,0.8999,0.9013,0.9013,0,0,0
12/25/2019,0.9017,0.9046,0.8992,0.9014,0.9014,0,0,0
12/24/2019,0.9015,0.9031,0.8999,0.9025,0.9025,0,0,0
12/23/2019,0.9023,0.9031,0.9009,0.9013,0.9013,0,0,0
12/20/2019,0.8987,0.9034,0.8985,0.9027,0.9027,0,0,0
12/19/2019,0.8993,0.9,0.8971,0.8987,0.8987,0,0,0
12/18/2019,0.8964,0.8997,0.8961,0.8994,0.8994,0,0,0
12/17/2019,0.8975,0.8982,0.8947,0.896,0.896,0,0,0
12/16/2019,0.8983,0.8988,0.8961,0.8974,0.8974,0,0,0
12/13/2019,0.8942,0.8997,0.8932,0.8994,0.8994,0,0,0
12/12/2019,0.898,0.9003,0.8927,0.8938,0.8938,0,0,0
12/11/2019,0.9013,0.903,0.897,0.8979,0.8979,0,0,0
12/10/2019,0.9035,0.9037,0.9007,0.9013,0.9013,0,0,0
12/9/2019,0.9041,0.9044,0.9024,0.9034,0.9034,0,0,0
12/6/2019,0.9003,0.9055,0.8997,0.9037,0.9037,0,0,0
12/5/2019,0.9024,0.9024,0.8998,0.9004,0.9004,0,0,0
12/4/2019,0.9021,0.9033,0.8996,0.9024,0.9024,0,0,0
12/3/2019,0.9026,0.9034,0.9012,0.9021,0.9021,0,0,0
12/2/2019,0.9071,0.9085,0.9016,0.9025,0.9025,0,0,0
11/29/2019,0.908,0.9103,0.9066,0.9074,0.9074,0,0,0
11/28/2019,0.9083,0.9088,0.9072,0.908,0.908,0,0,0
11/27/2019,0.907,0.9094,0.9068,0.9083,0.9083,0,0,0
11/26/2019,0.9075,0.9082,0.9065,0.9069,0.9069,0,0,0
11/25/2019,0.907,0.9085,0.9061,0.9077,0.9077,0,0,0
11/22/2019,0.9038,0.9075,0.9021,0.9073,0.9073,0,0,0
11/21/2019,0.9026,0.9044,0.9007,0.9038,0.9038,0,0,0
11/20/2019,0.9022,0.9045,0.9021,0.9026,0.9026,0,0,0
11/19/2019,0.9029,0.9036,0.9018,0.9024,0.9024,0,0,0
11/18/2019,0.9046,0.9046,0.9015,0.9029,0.9029,0,0,0
11/15/2019,0.907,0.9076,0.9041,0.9043,0.9043,0,0,0
11/14/2019,0.9081,0.9097,0.9065,0.907,0.907,0,0,0
11/13/2019,0.9079,0.9092,0.9071,0.9082,0.9082,0,0,0
11/12/2019,0.9062,0.9085,0.9056,0.9079,0.9079,0,0,0
11/11/2019,0.9071,0.9074,0.9052,0.9062,0.9062,0,0,0
11/8/2019,0.9048,0.9074,0.9042,0.907,0.907,0,0,0
11/7/2019,0.9032,0.9058,0.9013,0.9048,0.9048,0,0,0
11/6/2019,0.9028,0.9035,0.901,0.9031,0.9031,0,0,0
11/5/2019,0.8989,0.9036,0.8975,0.9027,0.9027,0,0,0
11/4/2019,0.8954,0.8989,0.8945,0.8989,0.8989,0,0,0
11/1/2019,0.8965,0.8982,0.8947,0.8955,0.8955,0,0,0
10/31/2019,0.8964,0.8981,0.8946,0.8965,0.8965,0,0,0
10/30/2019,0.8996,0.9022,0.8961,0.8964,0.8964,0,0,0
10/29/2019,0.9008,0.9027,0.8992,0.8997,0.8997,0,0,0
10/28/2019,0.9022,0.9025,0.9001,0.9008,0.9008,0,0,0
10/25/2019,0.9004,0.9028,0.8987,0.9024,0.9024,0,0,0
10/24/2019,0.898,0.9012,0.8957,0.9004,0.9004,0,0,0
10/23/2019,0.8983,0.9001,0.8975,0.898,0.898,0,0,0
10/22/2019,0.8966,0.8991,0.8959,0.8982,0.8982,0,0,0
10/21/2019,0.896,0.8974,0.8942,0.8966,0.8966,0,0,0
10/18/2019,0.8986,0.8994,0.8941,0.8949,0.8949,0,0,0
10/17/2019,0.9027,0.9034,0.8975,0.8986,0.8986,0,0,0
10/16/2019,0.9061,0.9069,0.9017,0.9027,0.9027,0,0,0
10/15/2019,0.9065,0.9094,0.905,0.906,0.906,0,0,0
10/14/2019,0.9064,0.9076,0.9052,0.9063,0.9063,0,0,0
10/11/2019,0.9082,0.9086,0.9037,0.9053,0.9053,0,0,0
10/10/2019,0.9101,0.9105,0.906,0.9083,0.9083,0,0,0
10/9/2019,0.9123,0.9126,0.9095,0.9101,0.9101,0,0,0
10/8/2019,0.9112,0.9137,0.909,0.9122,0.9122,0,0,0
10/7/2019,0.9104,0.912,0.9089,0.9111,0.9111,0,0,0
10/4/2019,0.9111,0.9123,0.9096,0.9102,0.9102,0,0,0
10/3/2019,0.9122,0.9137,0.9089,0.9112,0.9112,0,0,0
10/2/2019,0.9145,0.9168,0.9117,0.9122,0.9122,0,0,0
10/1/2019,0.9173,0.9188,0.9136,0.9145,0.9145,0,0,0
9/30/2019,0.9135,0.9182,0.9131,0.9173,0.9173,0,0,0
9/27/2019,0.9155,0.9165,0.9123,0.9141,0.9141,0,0,0
9/26/2019,0.9129,0.9166,0.9116,0.9155,0.9155,0,0,0
9/25/2019,0.9072,0.914,0.9072,0.913,0.913,0,0,0
9/24/2019,0.9092,0.9101,0.9067,0.9071,0.9071,0,0,0
9/23/2019,0.9073,0.9116,0.9065,0.9092,0.9092,0,0,0
9/20/2019,0.9051,0.909,0.9031,0.9066,0.9066,0,0,0
9/19/2019,0.9063,0.9069,0.9028,0.9051,0.9051,0,0,0
9/18/2019,0.903,0.9075,0.9025,0.9062,0.9062,0,0,0
9/17/2019,0.9082,0.9095,0.9025,0.903,0.903,0,0,0
9/16/2019,0.9024,0.9093,0.9016,0.9084,0.9084,0,0,0
9/13/2019,0.9041,0.9043,0.8999,0.9028,0.9028,0,0,0
9/12/2019,0.908,0.9147,0.9019,0.9041,0.9041,0,0,0
9/11/2019,0.9048,0.91,0.9041,0.908,0.908,0,0,0
9/10/2019,0.9048,0.9062,0.904,0.9048,0.9048,0,0,0
9/9/2019,0.9068,0.9075,0.9033,0.9048,0.9048,0,0,0
9/6/2019,0.9059,0.9072,0.9043,0.9062,0.9062,0,0,0
9/5/2019,0.906,0.9074,0.902,0.9059,0.9059,0,0,0
9/4/2019,0.9112,0.9114,0.9056,0.906,0.906,0,0,0
9/3/2019,0.9116,0.9149,0.9106,0.9112,0.9112,0,0,0
9/2/2019,0.9095,0.9123,0.909,0.9116,0.9116,0,0,0
8/30/2019,0.9038,0.9119,0.9037,0.9097,0.9097,0,0,0
8/29/2019,0.9019,0.905,0.9015,0.904,0.904,0,0,0
8/28/2019,0.9013,0.903,0.9006,0.902,0.902,0,0,0
8/27/2019,0.9006,0.9017,0.8992,0.9013,0.9013,0,0,0
8/26/2019,0.8962,0.901,0.8961,0.9006,0.9006,0,0,0
8/23/2019,0.9021,0.9045,0.8963,0.8969,0.8969,0,0,0
8/22/2019,0.9013,0.9035,0.8997,0.9021,0.9021,0,0,0
8/21/2019,0.9008,0.9021,0.8999,0.9013,0.9013,0,0,0
8/20/2019,0.9021,0.9033,0.8999,0.9007,0.9007,0,0,0
8/19/2019,0.9011,0.9026,0.8994,0.9021,0.9021,0,0,0
8/16/2019,0.8998,0.9034,0.8994,0.9011,0.9011,0,0,0
8/15/2019,0.8971,0.9012,0.8957,0.8998,0.8998,0,0,0
8/14/2019,0.8946,0.8981,0.8934,0.897,0.897,0,0,0
8/13/2019,0.8915,0.895,0.8901,0.8946,0.8946,0,0,0
8/12/2019,0.8924,0.8956,0.8903,0.8914,0.8914,0,0,0
8/9/2019,0.8937,0.8939,0.8908,0.892,0.892,0,0,0
8/8/2019,0.8922,0.8946,0.8904,0.8938,0.8938,0,0,0
8/7/2019,0.8924,0.8942,0.8893,0.8922,0.8922,0,0,0
8/6/2019,0.8906,0.895,0.8885,0.8924,0.8924,0,0,0
8/5/2019,0.9002,0.9002,0.8905,0.8906,0.8906,0,0,0
8/2/2019,0.9024,0.903,0.8993,0.8995,0.8995,0,0,0
8/1/2019,0.9023,0.9066,0.901,0.9024,0.9024,0,0,0
7/31/2019,0.8959,0.9038,0.8955,0.9023,0.9023,0,0,0
7/30/2019,0.8969,0.898,0.8957,0.896,0.896,0,0,0
7/29/2019,0.8981,0.8995,0.8965,0.8969,0.8969,0,0,0
7/26/2019,0.8969,0.8996,0.8964,0.8984,0.8984,0,0,0
7/25/2019,0.8973,0.9005,0.8937,0.8969,0.8969,0,0,0
7/24/2019,0.8965,0.8982,0.8961,0.8972,0.8972,0,0,0
7/23/2019,0.8919,0.8969,0.8918,0.8964,0.8964,0,0,0
7/22/2019,0.8912,0.8921,0.8905,0.8919,0.8919,0,0,0
7/19/2019,0.8887,0.8922,0.887,0.8912,0.8912,0,0,0
7/18/2019,0.8902,0.892,0.8861,0.8887,0.8887,0,0,0
7/17/2019,0.8918,0.8926,0.89,0.8905,0.8905,0,0,0
7/16/2019,0.8878,0.8924,0.8874,0.8917,0.8917,0,0,0
7/15/2019,0.8869,0.8883,0.8859,0.8878,0.8878,0,0,0
7/12/2019,0.8881,0.8894,0.8864,0.8867,0.8867,0,0,0
7/11/2019,0.8879,0.8889,0.8859,0.8881,0.8881,0,0,0
7/10/2019,0.8921,0.8924,0.8876,0.8879,0.8879,0,0,0
7/9/2019,0.8913,0.893,0.891,0.8921,0.8921,0,0,0
7/8/2019,0.8903,0.892,0.8898,0.8913,0.8913,0,0,0
7/5/2019,0.8857,0.8919,0.8855,0.8902,0.8902,0,0,0
7/4/2019,0.8856,0.8868,0.885,0.8856,0.8856,0,0,0
7/3/2019,0.8853,0.8871,0.8843,0.8857,0.8857,0,0,0
7/2/2019,0.8858,0.8866,0.8837,0.8855,0.8855,0,0,0
7/1/2019,0.8794,0.8862,0.8792,0.8855,0.8855,0,0,0
6/28/2019,0.8794,0.8807,0.8775,0.8791,0.8791,0,0,0
6/27/2019,0.879,0.8809,0.8784,0.8794,0.8794,0,0,0
6/26/2019,0.8795,0.881,0.8776,0.879,0.879,0,0,0
6/25/2019,0.8771,0.8812,0.8761,0.8796,0.8796,0,0,0
6/24/2019,0.8789,0.8791,0.8766,0.8771,0.8771,0,0,0
6/21/2019,0.8853,0.886,0.8786,0.8794,0.8794,0,0,0
6/20/2019,0.8898,0.8898,0.8834,0.8853,0.8853,0,0,0
6/19/2019,0.893,0.8936,0.8885,0.8898,0.8898,0,0,0
6/18/2019,0.8908,0.8941,0.8892,0.893,0.893,0,0,0
6/17/2019,0.8914,0.8922,0.889,0.8909,0.8909,0,0,0
6/14/2019,0.8864,0.8924,0.8856,0.8919,0.8919,0,0,0
6/13/2019,0.8853,0.887,0.8844,0.8864,0.8864,0,0,0
6/12/2019,0.8825,0.886,0.8814,0.8853,0.8853,0,0,0
6/11/2019,0.8835,0.8844,0.8816,0.8825,0.8825,0,0,0
6/10/2019,0.8834,0.8854,0.8826,0.8836,0.8836,0,0,0
6/7/2019,0.8865,0.8885,0.8809,0.8818,0.8818,0,0,0
6/6/2019,0.8904,0.8908,0.8841,0.8865,0.8865,0,0,0
6/5/2019,0.8884,0.891,0.8844,0.8903,0.8903,0,0,0
6/4/2019,0.889,0.8904,0.8866,0.8884,0.8884,0,0,0
6/3/2019,0.8948,0.8956,0.8877,0.889,0.889,0,0,0
5/31/2019,0.898,0.8986,0.8943,0.8949,0.8949,0,0,0
5/30/2019,0.8976,0.8993,0.897,0.898,0.898,0,0,0
5/29/2019,0.8954,0.8987,0.8946,0.8976,0.8976,0,0,0
5/28/2019,0.8932,0.8958,0.8928,0.8954,0.8954,0,0,0
5/27/2019,0.8918,0.8935,0.8913,0.8932,0.8932,0,0,0
5/24/2019,0.8939,0.8943,0.8915,0.8921,0.8921,0,0,0
5/23/2019,0.8961,0.8999,0.8935,0.8939,0.8939,0,0,0
5/22/2019,0.8955,0.8967,0.8943,0.8961,0.8961,0,0,0
5/21/2019,0.8951,0.8972,0.894,0.8955,0.8955,0,0,0
5/20/2019,0.8956,0.8965,0.8944,0.8951,0.8951,0,0,0
5/17/2019,0.8947,0.8962,0.8939,0.8959,0.8959,0,0,0
5/16/2019,0.8921,0.8953,0.8907,0.8947,0.8947,0,0,0
5/15/2019,0.892,0.8942,0.8908,0.8921,0.8921,0,0,0
5/14/2019,0.8901,0.8925,0.889,0.892,0.892,0,0,0
5/13/2019,0.8898,0.8912,0.8876,0.8901,0.8901,0,0,0
5/10/2019,0.8911,0.8912,0.8885,0.8901,0.8901,0,0,0
5/9/2019,0.8928,0.8947,0.8886,0.8912,0.8912,0,0,0
5/8/2019,0.8932,0.894,0.8916,0.8928,0.8928,0,0,0
5/7/2019,0.8927,0.8952,0.8913,0.8932,0.8932,0,0,0
5/6/2019,0.8931,0.8942,0.8919,0.8927,0.8927,0,0,0
5/3/2019,0.8945,0.8973,0.8922,0.8926,0.8926,0,0,0
5/2/2019,0.8923,0.8949,0.8911,0.8946,0.8946,0,0,0
5/1/2019,0.8917,0.8935,0.8876,0.8923,0.8923,0,0,0
4/30/2019,0.8939,0.8946,0.8904,0.8917,0.8917,0,0,0
4/29/2019,0.8966,0.897,0.8935,0.8939,0.8939,0,0,0
4/26/2019,0.8976,0.8987,0.8946,0.8964,0.8964,0,0,0
4/25/2019,0.896,0.899,0.8957,0.8976,0.8976,0,0,0
4/24/2019,0.8909,0.8973,0.8906,0.896,0.896,0,0,0
4/23/2019,0.8879,0.8932,0.8876,0.8909,0.8909,0,0,0
4/22/2019,0.8892,0.8897,0.8876,0.8879,0.8879,0,0,0
4/19/2019,0.8897,0.89,0.8885,0.8891,0.8891,0,0,0
4/18/2019,0.8848,0.8908,0.8844,0.8897,0.8897,0,0,0
4/17/2019,0.8862,0.8862,0.8829,0.8848,0.8848,0,0,0
4/16/2019,0.8846,0.8864,0.8836,0.8862,0.8862,0,0,0
4/15/2019,0.8844,0.885,0.883,0.8845,0.8845,0,0,0
4/12/2019,0.888,0.888,0.8829,0.8849,0.8849,0,0,0
4/11/2019,0.8863,0.8889,0.8857,0.8879,0.8879,0,0,0
4/10/2019,0.8873,0.8902,0.8858,0.8865,0.8865,0,0,0
4/9/2019,0.8881,0.8882,0.8859,0.8873,0.8873,0,0,0
4/8/2019,0.8911,0.8914,0.8867,0.8881,0.8881,0,0,0
4/5/2019,0.8909,0.8917,0.8893,0.8914,0.8914,0,0,0
4/4/2019,0.8893,0.8919,0.8886,0.8909,0.8909,0,0,0
4/3/2019,0.8922,0.8925,0.8882,0.8892,0.8892,0,0,0
4/2/2019,0.8921,0.8939,0.8915,0.8922,0.8922,0,0,0
4/1/2019,0.8909,0.8926,0.8887,0.8921,0.8921,0,0,0
3/29/2019,0.8903,0.8918,0.8891,0.8912,0.8912,0,0,0
3/28/2019,0.8887,0.8917,0.8876,0.8904,0.8904,0,0,0
3/27/2019,0.8864,0.8892,0.8858,0.8887,0.8887,0,0,0
3/26/2019,0.8836,0.888,0.8827,0.8866,0.8866,0,0,0
3/25/2019,0.885,0.8855,0.8823,0.8836,0.8836,0,0,0
3/22/2019,0.8787,0.8867,0.8776,0.8845,0.8845,0,0,0
3/21/2019,0.8753,0.8813,0.8739,0.8787,0.8787,0,0,0
3/20/2019,0.8805,0.8819,0.8734,0.8753,0.8753,0,0,0
3/19/2019,0.8818,0.8821,0.8799,0.8805,0.8805,0,0,0
3/18/2019,0.8826,0.8832,0.88,0.8819,0.8819,0,0,0
3/15/2019,0.8842,0.8846,0.8813,0.8826,0.8826,0,0,0
3/14/2019,0.8818,0.8851,0.8817,0.8843,0.8843,0,0,0
3/13/2019,0.8855,0.8864,0.8817,0.8818,0.8818,0,0,0
3/12/2019,0.8876,0.8886,0.8843,0.8855,0.8855,0,0,0
3/11/2019,0.8899,0.8908,0.8868,0.8876,0.8876,0,0,0
3/8/2019,0.8933,0.8938,0.889,0.8894,0.8894,0,0,0
3/7/2019,0.8841,0.8944,0.8831,0.8933,0.8933,0,0,0
3/6/2019,0.8847,0.8855,0.8828,0.8841,0.8841,0,0,0
3/5/2019,0.8818,0.8855,0.8816,0.8847,0.8847,0,0,0
3/4/2019,0.8786,0.884,0.8785,0.8819,0.8819,0,0,0
3/1/2019,0.8792,0.8805,0.8764,0.879,0.879,0,0,0
2/28/2019,0.879,0.88,0.8753,0.8792,0.8792,0,0,0
2/27/2019,0.8776,0.8798,0.8768,0.8791,0.8791,0,0,0
2/26/2019,0.88,0.8811,0.8768,0.8775,0.8775,0,0,0
2/25/2019,0.8818,0.8819,0.8788,0.88,0.88,0,0,0
2/22/2019,0.882,0.8834,0.8803,0.8832,0.8832,0,0,0
2/21/2019,0.8812,0.883,0.8796,0.8819,0.8819,0,0,0
2/20/2019,0.8816,0.8827,0.879,0.8811,0.8811,0,0,0
2/19/2019,0.884,0.8866,0.8803,0.8816,0.8816,0,0,0
2/18/2019,0.8854,0.8855,0.882,0.8837,0.8837,0,0,0
2/15/2019,0.8852,0.8899,0.8842,0.8852,0.8852,0,0,0
2/14/2019,0.8881,0.8887,0.8841,0.885,0.885,0,0,0
2/13/2019,0.8824,0.8886,0.8813,0.8881,0.8881,0,0,0
2/12/2019,0.8865,0.8879,0.8816,0.8825,0.8825,0,0,0
2/11/2019,0.8833,0.8872,0.8821,0.8866,0.8866,0,0,0
2/8/2019,0.8815,0.8834,0.8808,0.8834,0.8834,0,0,0
2/7/2019,0.8795,0.8827,0.8792,0.8815,0.8815,0,0,0
2/6/2019,0.8763,0.8802,0.8761,0.8794,0.8794,0,0,0
2/5/2019,0.8742,0.8768,0.8738,0.8765,0.8765,0,0,0
2/4/2019,0.8726,0.875,0.8722,0.8742,0.8742,0,0,0
2/1/2019,0.8734,0.8743,0.8704,0.8727,0.8727,0,0,0
1/31/2019,0.8707,0.8741,0.8683,0.8734,0.8734,0,0,0
1/30/2019,0.8742,0.8763,0.8693,0.8706,0.8706,0,0,0
1/29/2019,0.8748,0.876,0.8731,0.8742,0.8742,0,0,0
1/28/2019,0.8762,0.8776,0.8736,0.8747,0.8747,0,0,0
1/25/2019,0.8848,0.8848,0.8756,0.8768,0.8768,0,0,0
1/24/2019,0.8785,0.8855,0.8776,0.8846,0.8846,0,0,0
1/23/2019,0.8799,0.8807,0.8774,0.8786,0.8786,0,0,0
1/22/2019,0.8792,0.8817,0.879,0.8799,0.8799,0,0,0
1/21/2019,0.8796,0.8802,0.8778,0.8793,0.8793,0,0,0
1/18/2019,0.8779,0.8805,0.876,0.8797,0.8797,0,0,0
1/17/2019,0.8771,0.8792,0.8765,0.878,0.878,0,0,0
1/16/2019,0.876,0.8786,0.8749,0.8773,0.8773,0,0,0
1/15/2019,0.8718,0.8783,0.8699,0.8765,0.8765,0,0,0
1/14/2019,0.872,0.8729,0.8706,0.8718,0.8718,0,0,0
1/11/2019,0.8693,0.8725,0.8664,0.8717,0.8717,0,0,0
1/10/2019,0.8656,0.8704,0.8641,0.8693,0.8693,0,0,0
1/9/2019,0.8737,0.8737,0.8652,0.8656,0.8656,0,0,0
1/8/2019,0.8709,0.8752,0.8705,0.8737,0.8737,0,0,0
1/7/2019,0.8765,0.8766,0.8707,0.8712,0.8712,0,0,0
1/4/2019,0.8776,0.8809,0.8755,0.8774,0.8774,0,0,0
1/3/2019,0.8819,0.8837,0.8762,0.8776,0.8776,0,0,0
1/2/2019,0.8721,0.8853,0.8696,0.8817,0.8817,0,0,0
1/1/2019,0.8738,0.8738,0.8714,0.8715,0.8715,0,0,0
12/31/2018,0.8739,0.8752,0.8718,0.8727,0.8727,0,0,0
12/28/2018,0.8747,0.8747,0.8712,0.8736,0.8736,0,0,0
12/27/2018,0.8804,0.8804,0.8728,0.8748,0.8748,0,0,0
12/26/2018,0.8763,0.8813,0.8754,0.8803,0.8803,0,0,0
12/25/2018,0.8762,0.8799,0.8743,0.8771,0.8771,0,0,0
12/24/2018,0.8794,0.8794,0.8741,0.8762,0.8762,0,0,0
12/21/2018,0.8733,0.8803,0.8712,0.8791,0.8791,0,0,0
12/20/2018,0.8785,0.8787,0.8705,0.8732,0.8732,0,0,0
12/19/2018,0.8793,0.8797,0.874,0.8784,0.8784,0,0,0
12/18/2018,0.881,0.8817,0.8769,0.8794,0.8794,0,0,0
12/17/2018,0.8843,0.8844,0.8802,0.881,0.881,0,0,0
12/14/2018,0.88,0.887,0.8795,0.8841,0.8841,0,0,0
12/13/2018,0.8791,0.8822,0.8776,0.8801,0.8801,0,0,0
12/12/2018,0.8831,0.8835,0.878,0.8791,0.8791,0,0,0
12/11/2018,0.8807,0.8842,0.8769,0.8827,0.8827,0,0,0
12/10/2018,0.877,0.881,0.8737,0.8807,0.8807,0,0,0
12/7/2018,0.8787,0.88,0.8752,0.8783,0.8783,0,0,0
12/6/2018,0.881,0.8829,0.8762,0.8788,0.8788,0,0,0
12/5/2018,0.8815,0.8834,0.8797,0.881,0.881,0,0,0
12/4/2018,0.8805,0.8832,0.8756,0.8814,0.8814,0,0,0
12/3/2018,0.8822,0.8831,0.8786,0.8805,0.8805,0,0,0
11/30/2018,0.8778,0.8842,0.8769,0.8834,0.8834,0,0,0
11/29/2018,0.8794,0.8809,0.8768,0.8779,0.8779,0,0,0
11/28/2018,0.8851,0.8872,0.8779,0.8794,0.8794,0,0,0
11/27/2018,0.8823,0.8864,0.8811,0.8852,0.8852,0,0,0
11/26/2018,0.8819,0.8827,0.8781,0.8823,0.8823,0,0,0
11/23/2018,0.8767,0.8825,0.8755,0.8815,0.8815,0,0,0
11/22/2018,0.8776,0.8781,0.8745,0.8765,0.8765,0,0,0
11/21/2018,0.8795,0.8796,0.8753,0.8781,0.8781,0,0,0
11/20/2018,0.8729,0.8801,0.8713,0.8795,0.8795,0,0,0
11/19/2018,0.8757,0.8774,0.872,0.8727,0.8727,0,0,0
11/16/2018,0.8827,0.883,0.8753,0.8753,0.8753,0,0,0
11/15/2018,0.8836,0.8866,0.8801,0.8829,0.8829,0,0,0
11/14/2018,0.8847,0.8875,0.8811,0.8837,0.8837,0,0,0
11/13/2018,0.891,0.891,0.8848,0.8848,0.8848,0,0,0
11/12/2018,0.8832,0.8913,0.8821,0.8908,0.8908,0,0,0
11/9/2018,0.8793,0.8832,0.8793,0.8816,0.8816,0,0,0
11/8/2018,0.8746,0.8804,0.8735,0.8797,0.8797,0,0,0
11/7/2018,0.8754,0.8773,0.8694,0.8745,0.8745,0,0,0
11/6/2018,0.8763,0.8775,0.8741,0.8753,0.8753,0,0,0
11/5/2018,0.8774,0.88,0.8751,0.8762,0.8762,0,0,0
11/2/2018,0.8766,0.879,0.8726,0.8779,0.8779,0,0,0
11/1/2018,0.8834,0.8836,0.8751,0.8766,0.8766,0,0,0
10/31/2018,0.8814,0.8845,0.8801,0.8834,0.8834,0,0,0
10/30/2018,0.879,0.8816,0.878,0.8812,0.8812,0,0,0
10/29/2018,0.8766,0.8799,0.8758,0.879,0.879,0,0,0
10/26/2018,0.8788,0.8819,0.8754,0.8766,0.8766,0,0,0
10/25/2018,0.877,0.8803,0.8746,0.879,0.879,0,0,0
10/24/2018,0.8716,0.8783,0.8709,0.8769,0.8769,0,0,0
10/23/2018,0.8719,0.8739,0.87,0.8713,0.8713,0,0,0
10/22/2018,0.8684,0.8726,0.8653,0.8719,0.8719,0,0,0
10/19/2018,0.8727,0.8743,0.8668,0.867,0.867,0,0,0
10/18/2018,0.8694,0.8731,0.8673,0.8727,0.8727,0,0,0
10/17/2018,0.8638,0.8695,0.8633,0.8694,0.8694,0,0,0
10/16/2018,0.863,0.8643,0.8603,0.8637,0.8637,0,0,0
10/15/2018,0.8655,0.8661,0.8614,0.863,0.863,0,0,0
10/12/2018,0.8624,0.8666,0.861,0.8644,0.8644,0,0,0
10/11/2018,0.8666,0.8672,0.8619,0.8624,0.8624,0,0,0
10/10/2018,0.8696,0.8708,0.8659,0.8667,0.8667,0,0,0
10/9/2018,0.8699,0.8745,0.8692,0.8696,0.8696,0,0,0
10/8/2018,0.8674,0.8723,0.867,0.8699,0.8699,0,0,0
10/5/2018,0.8681,0.8704,0.8663,0.8677,0.8677,0,0,0
10/4/2018,0.8705,0.8721,0.8663,0.8681,0.8681,0,0,0
10/3/2018,0.8655,0.8715,0.8624,0.8705,0.8705,0,0,0
10/2/2018,0.8636,0.8688,0.8633,0.8655,0.8655,0,0,0
10/1/2018,0.8614,0.8645,0.86,0.8636,0.8636,0,0,0
9/28/2018,0.8592,0.864,0.8578,0.8612,0.8612,0,0,0
9/27/2018,0.8509,0.8592,0.8503,0.8592,0.8592,0,0,0
9/26/2018,0.8496,0.8525,0.8475,0.8509,0.8509,0,0,0
9/25/2018,0.8508,0.8522,0.8478,0.8496,0.8496,0,0,0
9/24/2018,0.8511,0.8526,0.8463,0.8508,0.8508,0,0,0
9/21/2018,0.8487,0.8527,0.8471,0.8527,0.8527,0,0,0
9/20/2018,0.8566,0.8567,0.8483,0.8487,0.8487,0,0,0
9/19/2018,0.8559,0.8579,0.8534,0.8566,0.8566,0,0,0
9/18/2018,0.8567,0.8579,0.8529,0.856,0.856,0,0,0
9/17/2018,0.8599,0.8602,0.8547,0.8565,0.8565,0,0,0
9/14/2018,0.8551,0.8603,0.8529,0.8596,0.8596,0,0,0
9/13/2018,0.8598,0.8611,0.8544,0.8551,0.8551,0,0,0
9/12/2018,0.8616,0.864,0.8583,0.8598,0.8598,0,0,0
9/11/2018,0.8622,0.8643,0.8587,0.8616,0.8616,0,0,0
9/10/2018,0.8651,0.8672,0.8608,0.8623,0.8623,0,0,0
9/7/2018,0.86,0.8654,0.8582,0.865,0.865,0,0,0
9/6/2018,0.8594,0.8613,0.8575,0.86,0.86,0,0,0
9/5/2018,0.8631,0.866,0.859,0.8594,0.8594,0,0,0
9/4/2018,0.8606,0.867,0.8605,0.8631,0.8631,0,0,0
9/3/2018,0.862,0.8625,0.8598,0.8606,0.8606,0,0,0
8/31/2018,0.8571,0.863,0.8553,0.8616,0.8616,0,0,0
8/30/2018,0.854,0.8586,0.8533,0.8572,0.8572,0,0,0
8/29/2018,0.8548,0.8578,0.8535,0.8539,0.8539,0,0,0
8/28/2018,0.8559,0.8572,0.8522,0.8549,0.8549,0,0,0
8/27/2018,0.8597,0.8621,0.8549,0.856,0.856,0,0,0
8/24/2018,0.8662,0.8663,0.8589,0.8601,0.8601,0,0,0
8/23/2018,0.862,0.8669,0.8619,0.8662,0.8662,0,0,0
8/22/2018,0.8637,0.8652,0.8601,0.862,0.862,0,0,0
8/21/2018,0.8699,0.8704,0.8619,0.8638,0.8638,0,0,0
8/20/2018,0.874,0.8772,0.8697,0.8699,0.8699,0,0,0
8/17/2018,0.879,0.8795,0.8733,0.8733,0.8733,0,0,0
8/16/2018,0.8811,0.8818,0.8763,0.8789,0.8789,0,0,0
8/15/2018,0.8808,0.8845,0.8804,0.8811,0.8811,0,0,0
8/14/2018,0.8766,0.8822,0.8747,0.8808,0.8808,0,0,0
8/13/2018,0.8771,0.8796,0.8744,0.8766,0.8766,0,0,0
8/10/2018,0.8677,0.8779,0.8666,0.876,0.876,0,0,0
8/9/2018,0.8609,0.8678,0.8602,0.8678,0.8678,0,0,0
8/8/2018,0.8618,0.8637,0.8598,0.8609,0.8609,0,0,0
8/7/2018,0.865,0.8654,0.8612,0.8619,0.8619,0,0,0
8/6/2018,0.8647,0.867,0.864,0.865,0.865,0,0,0
8/3/2018,0.8628,0.8647,0.8611,0.8642,0.8642,0,0,0
8/2/2018,0.8571,0.8633,0.8568,0.8628,0.8628,0,0,0
8/1/2018,0.8554,0.8576,0.8546,0.8571,0.8571,0,0,0
7/31/2018,0.8539,0.8555,0.8511,0.8554,0.8554,0,0,0
7/30/2018,0.8574,0.8581,0.8531,0.8538,0.8538,0,0,0
7/27/2018,0.8587,0.8601,0.8571,0.8581,0.8581,0,0,0
7/26/2018,0.8522,0.8589,0.8513,0.8587,0.8587,0,0,0
7/25/2018,0.8558,0.857,0.8518,0.8522,0.8522,0,0,0
7/24/2018,0.855,0.8575,0.8532,0.8558,0.8558,0,0,0
7/23/2018,0.852,0.8556,0.8507,0.855,0.855,0,0,0
7/20/2018,0.8584,0.8598,0.8518,0.8523,0.8523,0,0,0
7/19/2018,0.8586,0.8636,0.8563,0.8585,0.8585,0,0,0
7/18/2018,0.8575,0.8616,0.857,0.8584,0.8584,0,0,0
7/17/2018,0.8537,0.8583,0.8512,0.8575,0.8575,0,0,0
7/16/2018,0.8557,0.8562,0.8526,0.8537,0.8537,0,0,0
7/13/2018,0.8571,0.8608,0.8552,0.8555,0.8555,0,0,0
7/12/2018,0.8562,0.8581,0.8548,0.857,0.857,0,0,0
7/11/2018,0.8518,0.8569,0.8502,0.8562,0.8562,0,0,0
7/10/2018,0.8508,0.855,0.8499,0.8519,0.8519,0,0,0
7/9/2018,0.8508,0.852,0.8478,0.8508,0.8508,0,0,0
7/6/2018,0.855,0.856,0.8496,0.8504,0.8504,0,0,0
7/5/2018,0.8574,0.8581,0.853,0.8551,0.8551,0,0,0
7/4/2018,0.8573,0.8595,0.8559,0.8574,0.8574,0,0,0
7/3/2018,0.8589,0.8603,0.8565,0.8574,0.8574,0,0,0
7/2/2018,0.8563,0.8624,0.8557,0.8588,0.8588,0,0,0
6/29/2018,0.8644,0.8647,0.8552,0.8554,0.8554,0,0,0
6/28/2018,0.8648,0.8671,0.862,0.8647,0.8647,0,0,0
6/27/2018,0.8581,0.8662,0.8565,0.8648,0.8648,0,0,0
6/26/2018,0.8543,0.8592,0.8531,0.8581,0.8581,0,0,0
6/25/2018,0.8567,0.8596,0.8535,0.8543,0.8543,0,0,0
6/22/2018,0.8611,0.8617,0.8563,0.858,0.858,0,0,0
6/21/2018,0.8636,0.8685,0.8595,0.8609,0.8609,0,0,0
6/20/2018,0.8627,0.8658,0.8618,0.8636,0.8636,0,0,0
6/19/2018,0.8602,0.8669,0.8585,0.8627,0.8627,0,0,0
6/18/2018,0.8622,0.8643,0.8598,0.8602,0.8602,0,0,0
6/15/2018,0.863,0.8661,0.8599,0.8617,0.8617,0,0,0
6/14/2018,0.8473,0.8644,0.8438,0.8632,0.8632,0,0,0
6/13/2018,0.851,0.8522,0.8469,0.8474,0.8474,0,0,0
6/12/2018,0.849,0.8519,0.8466,0.8512,0.8512,0,0,0
6/11/2018,0.8493,0.8493,0.8458,0.8491,0.8491,0,0,0
6/8/2018,0.8474,0.8524,0.8462,0.8496,0.8496,0,0,0
6/7/2018,0.8485,0.8487,0.8444,0.8474,0.8474,0,0,0
6/6/2018,0.853,0.8534,0.8475,0.8485,0.8485,0,0,0
6/5/2018,0.8545,0.8578,0.8521,0.853,0.853,0,0,0
6/4/2018,0.8572,0.8572,0.851,0.8545,0.8545,0,0,0
6/1/2018,0.8541,0.8601,0.8533,0.8572,0.8572,0,0,0
5/31/2018,0.857,0.8585,0.8527,0.8541,0.8541,0,0,0
5/30/2018,0.8662,0.8679,0.8563,0.8571,0.8571,0,0,0
5/29/2018,0.8598,0.8683,0.8591,0.8662,0.8662,0,0,0
5/28/2018,0.8553,0.8612,0.8522,0.8598,0.8598,0,0,0
5/25/2018,0.8528,0.8583,0.8521,0.8572,0.8572,0,0,0
5/24/2018,0.8541,0.855,0.8508,0.8528,0.8528,0,0,0
5/23/2018,0.8485,0.8562,0.848,0.8541,0.8541,0,0,0
5/22/2018,0.8475,0.8502,0.8453,0.8485,0.8485,0,0,0
5/21/2018,0.8496,0.8532,0.8474,0.8475,0.8475,0,0,0
5/18/2018,0.8473,0.8508,0.8457,0.8494,0.8494,0,0,0
5/17/2018,0.8461,0.8487,0.8447,0.8472,0.8472,0,0,0
5/16/2018,0.8459,0.8497,0.8434,0.846,0.846,0,0,0
5/15/2018,0.8381,0.8457,0.8373,0.8457,0.8457,0,0,0
5/14/2018,0.8367,0.8384,0.8334,0.838,0.838,0,0,0
5/11/2018,0.8388,0.8406,0.8354,0.8369,0.8369,0,0,0
5/10/2018,0.8434,0.844,0.837,0.8388,0.8388,0,0,0
5/9/2018,0.8429,0.8455,0.8404,0.8434,0.8434,0,0,0
5/8/2018,0.8385,0.8444,0.8374,0.8428,0.8428,0,0,0
5/7/2018,0.8359,0.8402,0.8346,0.8384,0.8384,0,0,0
5/4/2018,0.834,0.8392,0.8332,0.8357,0.8357,0,0,0
5/3/2018,0.8363,0.8367,0.8325,0.834,0.834,0,0,0
5/2/2018,0.8338,0.8374,0.831,0.8362,0.8362,0,0,0
5/1/2018,0.8275,0.8342,0.8272,0.8338,0.8338,0,0,0
4/30/2018,0.8247,0.8287,0.8236,0.8276,0.8276,0,0,0
4/27/2018,0.8259,0.8291,0.824,0.8243,0.8243,0,0,0
4/26/2018,0.8215,0.8264,0.819,0.8258,0.8258,0,0,0
4/25/2018,0.8172,0.8221,0.8167,0.8214,0.8214,0,0,0
4/24/2018,0.8186,0.8206,0.8164,0.8173,0.8173,0,0,0
4/23/2018,0.8141,0.8195,0.8135,0.8188,0.8188,0,0,0
4/20/2018,0.81,0.8153,0.8093,0.8138,0.8138,0,0,0
4/19/2018,0.8073,0.8107,0.8062,0.8099,0.8099,0,0,0
4/18/2018,0.808,0.8097,0.8064,0.8075,0.8075,0,0,0
4/17/2018,0.8074,0.8103,0.8053,0.808,0.808,0,0,0
4/16/2018,0.8109,0.811,0.8067,0.8074,0.8074,0,0,0
4/13/2018,0.8109,0.8122,0.8098,0.8106,0.8106,0,0,0
4/12/2018,0.8081,0.8127,0.8075,0.8109,0.8109,0,0,0
4/11/2018,0.809,0.8096,0.8066,0.8081,0.8081,0,0,0
4/10/2018,0.8112,0.8125,0.8078,0.8089,0.8089,0,0,0
4/9/2018,0.8145,0.8152,0.8108,0.8113,0.8113,0,0,0
4/6/2018,0.8165,0.8182,0.8134,0.8138,0.8138,0,0,0
4/5/2018,0.8138,0.8182,0.8133,0.8165,0.8165,0,0,0
4/4/2018,0.8146,0.8156,0.8118,0.8138,0.8138,0,0,0
4/3/2018,0.8127,0.8158,0.8105,0.8146,0.8146,0,0,0
4/2/2018,0.8116,0.8138,0.8099,0.8127,0.8127,0,0,0
3/30/2018,0.8124,0.813,0.8106,0.8112,0.8112,0,0,0
3/29/2018,0.8121,0.8138,0.8103,0.8125,0.8125,0,0,0
3/28/2018,0.8058,0.8127,0.8047,0.8121,0.8121,0,0,0
3/27/2018,0.8028,0.8078,0.8013,0.8058,0.8058,0,0,0
3/26/2018,0.8084,0.8093,0.8022,0.8028,0.8028,0,0,0
3/23/2018,0.8114,0.8117,0.808,0.8089,0.8089,0,0,0
3/22/2018,0.81,0.8136,0.8071,0.8114,0.8114,0,0,0
3/21/2018,0.8166,0.8166,0.8095,0.8099,0.8099,0,0,0
3/20/2018,0.8104,0.8168,0.8092,0.8164,0.8164,0,0,0
3/19/2018,0.8137,0.8155,0.8089,0.8104,0.8104,0,0,0
3/16/2018,0.8124,0.8153,0.8103,0.813,0.813,0,0,0
3/15/2018,0.8082,0.8127,0.8072,0.8124,0.8124,0,0,0
3/14/2018,0.8067,0.8096,0.8053,0.8082,0.8082,0,0,0
3/13/2018,0.8105,0.8118,0.8057,0.8066,0.8066,0,0,0
3/12/2018,0.8121,0.8133,0.8098,0.8105,0.8105,0,0,0
3/9/2018,0.8119,0.8143,0.8107,0.8123,0.8123,0,0,0
3/8/2018,0.8055,0.8128,0.8032,0.8119,0.8119,0,0,0
3/7/2018,0.8048,0.8071,0.8036,0.8052,0.8052,0,0,0
3/6/2018,0.8105,0.8107,0.8047,0.8048,0.8048,0,0,0
3/5/2018,0.8097,0.8145,0.8096,0.8105,0.8105,0,0,0
3/2/2018,0.8145,0.8159,0.8104,0.8117,0.8117,0,0,0
3/1/2018,0.8199,0.8223,0.8144,0.8145,0.8145,0,0,0
2/28/2018,0.8171,0.8201,0.8167,0.8198,0.8198,0,0,0
2/27/2018,0.8119,0.8179,0.8098,0.817,0.817,0,0,0
2/26/2018,0.8135,0.814,0.8091,0.8118,0.8118,0,0,0
2/23/2018,0.8108,0.8141,0.81,0.8132,0.8132,0,0,0
2/22/2018,0.8144,0.8154,0.8094,0.8108,0.8108,0,0,0
2/21/2018,0.8104,0.8144,0.809,0.8143,0.8143,0,0,0
2/20/2018,0.8057,0.8114,0.8052,0.8103,0.8103,0,0,0
2/19/2018,0.8053,0.8082,0.804,0.8057,0.8057,0,0,0
2/16/2018,0.7997,0.8071,0.7962,0.8053,0.8053,0,0,0
2/15/2018,0.8027,0.803,0.799,0.7996,0.7996,0,0,0
2/14/2018,0.8095,0.8142,0.8021,0.8027,0.8027,0,0,0
2/13/2018,0.8134,0.8137,0.8081,0.8095,0.8095,0,0,0
2/12/2018,0.8158,0.817,0.813,0.8134,0.8134,0,0,0
2/9/2018,0.8162,0.8189,0.8137,0.8158,0.8158,0,0,0
2/8/2018,0.8158,0.8185,0.8131,0.8161,0.8161,0,0,0
2/7/2018,0.8074,0.8161,0.806,0.8158,0.8158,0,0,0
2/6/2018,0.8078,0.8117,0.8044,0.8075,0.8075,0,0,0
2/5/2018,0.8041,0.8085,0.8013,0.8077,0.8077,0,0,0
2/2/2018,0.7995,0.8056,0.7986,0.8023,0.8023,0,0,0
2/1/2018,0.8054,0.8071,0.7984,0.7994,0.7994,0,0,0
1/31/2018,0.8058,0.8069,0.8014,0.8054,0.8054,0,0,0
1/30/2018,0.8074,0.8102,0.8028,0.8059,0.8059,0,0,0
1/29/2018,0.8052,0.8102,0.8041,0.8075,0.8075,0,0,0
1/26/2018,0.808,0.808,0.8004,0.8045,0.8045,0,0,0
1/25/2018,0.806,0.8085,0.7976,0.808,0.808,0,0,0
1/24/2018,0.8129,0.8131,0.805,0.8059,0.8059,0,0,0
1/23/2018,0.8154,0.8179,0.8123,0.8129,0.8129,0,0,0
1/22/2018,0.8154,0.8183,0.815,0.8155,0.8155,0,0,0
1/19/2018,0.8166,0.8184,0.8131,0.8179,0.8179,0,0,0
1/18/2018,0.8217,0.8217,0.8151,0.8166,0.8166,0,0,0
1/17/2018,0.8156,0.8216,0.8118,0.8216,0.8216,0,0,0
1/16/2018,0.8151,0.8197,0.8138,0.8157,0.8157,0,0,0
1/15/2018,0.8192,0.8202,0.813,0.8151,0.8151,0,0,0
1/12/2018,0.8304,0.8309,0.8189,0.8193,0.8193,0,0,0
1/11/2018,0.8366,0.8379,0.8291,0.8304,0.8304,0,0,0
1/10/2018,0.8376,0.8384,0.832,0.8365,0.8365,0,0,0
1/9/2018,0.835,0.8389,0.8347,0.8376,0.8376,0,0,0
1/8/2018,0.8308,0.8361,0.8295,0.835,0.835,0,0,0
1/5/2018,0.8281,0.8316,0.8276,0.8311,0.8311,0,0,0
1/4/2018,0.8321,0.8328,0.827,0.8282,0.8282,0,0,0
1/3/2018,0.8291,0.8328,0.8283,0.8322,0.8322,0,0,0
1/2/2018,0.8322,0.8326,0.8276,0.8291,0.8291,0,0,0
1/1/2018,0.8334,0.8339,0.832,0.832,0.832,0,0,0
12/29/2017,0.8374,0.8375,0.8313,0.8332,0.8332,0,0,0
12/28/2017,0.8402,0.8403,0.8358,0.8371,0.8371,0,0,0
12/27/2017,0.8429,0.8433,0.8395,0.8402,0.8402,0,0,0
12/26/2017,0.842,0.8439,0.8416,0.8429,0.8429,0,0,0
12/25/2017,0.8436,0.8445,0.8414,0.8421,0.8421,0,0,0
12/22/2017,0.8424,0.8458,0.8423,0.8427,0.8427,0,0,0
12/21/2017,0.842,0.8436,0.8409,0.8423,0.8423,0,0,0
12/20/2017,0.8442,0.8451,0.8401,0.842,0.842,0,0,0
12/19/2017,0.8484,0.8488,0.8437,0.8442,0.8442,0,0,0
12/18/2017,0.851,0.8514,0.8448,0.8485,0.8485,0,0,0
12/15/2017,0.8497,0.8509,0.8464,0.8509,0.8509,0,0,0
12/14/2017,0.8454,0.8497,0.843,0.8497,0.8497,0,0,0
12/13/2017,0.8518,0.8523,0.8444,0.8454,0.8454,0,0,0
12/12/2017,0.8492,0.8531,0.8478,0.8517,0.8517,0,0,0
12/11/2017,0.8495,0.8498,0.8464,0.8491,0.8491,0,0,0
12/8/2017,0.8487,0.8521,0.8487,0.8493,0.8493,0,0,0
12/7/2017,0.847,0.8492,0.8463,0.849,0.849,0,0,0
12/6/2017,0.8451,0.8486,0.8438,0.847,0.847,0,0,0
12/5/2017,0.8423,0.8471,0.8416,0.8451,0.8451,0,0,0
12/4/2017,0.8423,0.845,0.8417,0.8424,0.8424,0,0,0
12/1/2017,0.8408,0.8434,0.8373,0.8402,0.8402,0,0,0
11/30/2017,0.8436,0.8465,0.8379,0.8409,0.8409,0,0,0
11/29/2017,0.8439,0.8458,0.8414,0.8437,0.8437,0,0,0
11/28/2017,0.8401,0.8452,0.8387,0.8438,0.8438,0,0,0
11/27/2017,0.8375,0.8405,0.8359,0.8401,0.8401,0,0,0
11/24/2017,0.8436,0.8446,0.837,0.8378,0.8378,0,0,0
11/23/2017,0.8459,0.8462,0.8431,0.8436,0.8436,0,0,0
11/22/2017,0.852,0.852,0.8453,0.8459,0.8459,0,0,0
11/21/2017,0.852,0.8534,0.8504,0.852,0.852,0,0,0
11/20/2017,0.8496,0.8528,0.8468,0.8519,0.8519,0,0,0
11/17/2017,0.8493,0.8498,0.8457,0.8479,0.8479,0,0,0
11/16/2017,0.8494,0.8501,0.8472,0.8493,0.8493,0,0,0
11/15/2017,0.8474,0.8494,0.8428,0.8494,0.8494,0,0,0
11/14/2017,0.857,0.8573,0.8469,0.8474,0.8474,0,0,0
11/13/2017,0.8576,0.859,0.8563,0.857,0.857,0,0,0
11/10/2017,0.8586,0.8601,0.8561,0.8569,0.8569,0,0,0
11/9/2017,0.8623,0.8629,0.8578,0.8585,0.8585,0,0,0
11/8/2017,0.8623,0.8633,0.861,0.8622,0.8622,0,0,0
11/7/2017,0.861,0.865,0.8605,0.8624,0.8624,0,0,0
11/6/2017,0.8607,0.8632,0.8604,0.861,0.861,0,0,0
11/3/2017,0.8576,0.8618,0.8555,0.861,0.861,0,0,0
11/2/2017,0.8604,0.8605,0.8556,0.8576,0.8576,0,0,0
11/1/2017,0.8581,0.8613,0.8576,0.8604,0.8604,0,0,0
10/31/2017,0.8586,0.86,0.8574,0.8581,0.8581,0,0,0
10/30/2017,0.8622,0.8622,0.8574,0.8587,0.8587,0,0,0
10/27/2017,0.8584,0.8637,0.8584,0.8611,0.8611,0,0,0
10/26/2017,0.8461,0.8587,0.8447,0.8585,0.8585,0,0,0
10/25/2017,0.8497,0.8506,0.8459,0.8461,0.8461,0,0,0
10/24/2017,0.8508,0.8513,0.8478,0.8496,0.8496,0,0,0
10/23/2017,0.8499,0.8525,0.8489,0.8508,0.8508,0,0,0
10/20/2017,0.8437,0.8497,0.8432,0.8483,0.8483,0,0,0
10/19/2017,0.8476,0.8489,0.8431,0.8438,0.8438,0,0,0
10/18/2017,0.8495,0.8522,0.8468,0.8476,0.8476,0,0,0
10/17/2017,0.8477,0.8517,0.8476,0.8495,0.8495,0,0,0
10/16/2017,0.8467,0.8485,0.8457,0.8478,0.8478,0,0,0
10/13/2017,0.8447,0.8468,0.8419,0.8457,0.8457,0,0,0
10/12/2017,0.8427,0.8453,0.8415,0.8447,0.8447,0,0,0
10/11/2017,0.8464,0.8475,0.8422,0.8427,0.8427,0,0,0
10/10/2017,0.8514,0.8515,0.8456,0.8464,0.8464,0,0,0
10/9/2017,0.8516,0.853,0.8504,0.8515,0.8515,0,0,0
10/6/2017,0.8537,0.8565,0.8516,0.8523,0.8523,0,0,0
10/5/2017,0.85,0.8544,0.8487,0.8537,0.8537,0,0,0
10/4/2017,0.8513,0.8514,0.8482,0.85,0.85,0,0,0
10/3/2017,0.8516,0.8547,0.8493,0.8513,0.8513,0,0,0
10/2/2017,0.8464,0.8522,0.8464,0.8516,0.8516,0,0,0
9/29/2017,0.8486,0.8492,0.8449,0.8461,0.8461,0,0,0
9/28/2017,0.8513,0.8531,0.8471,0.8485,0.8485,0,0,0
9/27/2017,0.8479,0.8532,0.8476,0.8514,0.8514,0,0,0
9/26/2017,0.8432,0.8501,0.8428,0.8478,0.8478,0,0,0
9/25/2017,0.8385,0.8448,0.8374,0.8433,0.8433,0,0,0
9/22/2017,0.8372,0.8373,0.8329,0.8365,0.8365,0,0,0
9/21/2017,0.8408,0.8424,0.8364,0.8372,0.8372,0,0,0
9/20/2017,0.8335,0.8427,0.8316,0.8408,0.8408,0,0,0
9/19/2017,0.8361,0.8361,0.8327,0.8334,0.8334,0,0,0
9/18/2017,0.8371,0.8389,0.8353,0.8361,0.8361,0,0,0
9/15/2017,0.8388,0.84,0.8341,0.8369,0.8369,0,0,0
9/14/2017,0.8405,0.8442,0.8385,0.8385,0.8385,0,0,0
9/13/2017,0.8351,0.8419,0.8335,0.8407,0.8407,0,0,0
9/12/2017,0.8357,0.8382,0.8346,0.8351,0.8351,0,0,0
9/11/2017,0.8318,0.8367,0.8311,0.8357,0.8357,0,0,0
9/8/2017,0.8318,0.8319,0.8268,0.8306,0.8306,0,0,0
9/7/2017,0.8383,0.839,0.8295,0.8317,0.8317,0,0,0
9/6/2017,0.8386,0.8398,0.8366,0.8383,0.8383,0,0,0
9/5/2017,0.8402,0.8421,0.8374,0.8386,0.8386,0,0,0
9/4/2017,0.8416,0.8416,0.8385,0.8402,0.8402,0,0,0
9/1/2017,0.8392,0.8435,0.8349,0.843,0.843,0,0,0
8/31/2017,0.8404,0.8455,0.8383,0.8392,0.8392,0,0,0
8/30/2017,0.8349,0.8414,0.8341,0.8404,0.8404,0,0,0
8/29/2017,0.8353,0.8367,0.8283,0.8349,0.8349,0,0,0
8/28/2017,0.8364,0.8388,0.8342,0.8352,0.8352,0,0,0
8/25/2017,0.8469,0.849,0.8375,0.8382,0.8382,0,0,0
8/24/2017,0.8463,0.8483,0.8459,0.847,0.847,0,0,0
8/23/2017,0.8498,0.8513,0.8454,0.8464,0.8464,0,0,0
8/22/2017,0.8465,0.851,0.8454,0.8498,0.8498,0,0,0
8/21/2017,0.8506,0.852,0.8452,0.8465,0.8465,0,0,0
8/18/2017,0.8525,0.8538,0.8492,0.8498,0.8498,0,0,0
8/17/2017,0.8488,0.8571,0.848,0.8525,0.8525,0,0,0
8/16/2017,0.8515,0.8557,0.8486,0.8487,0.8487,0,0,0
8/15/2017,0.8488,0.8552,0.8478,0.8517,0.8517,0,0,0
8/14/2017,0.8457,0.8492,0.8445,0.8487,0.8487,0,0,0
8/11/2017,0.8497,0.8509,0.8441,0.8453,0.8453,0,0,0
8/10/2017,0.8499,0.8541,0.8484,0.8497,0.8497,0,0,0
8/9/2017,0.8501,0.8551,0.8495,0.8499,0.8499,0,0,0
8/8/2017,0.8478,0.8529,0.8455,0.8501,0.8501,0,0,0
8/7/2017,0.8482,0.8489,0.8463,0.8478,0.8478,0,0,0
8/4/2017,0.8415,0.852,0.8409,0.849,0.849,0,0,0
8/3/2017,0.8435,0.845,0.8408,0.8416,0.8416,0,0,0
8/2/2017,0.8468,0.8476,0.8399,0.8435,0.8435,0,0,0
8/1/2017,0.845,0.848,0.8447,0.8468,0.8468,0,0,0
7/31/2017,0.8501,0.8527,0.8438,0.845,0.845,0,0,0
7/28/2017,0.8556,0.8565,0.8498,0.8506,0.8506,0,0,0
7/27/2017,0.8519,0.8581,0.849,0.8557,0.8557,0,0,0
7/26/2017,0.8584,0.8607,0.8509,0.8517,0.8517,0,0,0
7/25/2017,0.859,0.8595,0.8538,0.8584,0.8584,0,0,0
7/24/2017,0.8565,0.8598,0.8557,0.859,0.859,0,0,0
7/21/2017,0.8598,0.8603,0.8557,0.8572,0.8572,0,0,0
7/20/2017,0.8672,0.8708,0.858,0.8597,0.8597,0,0,0
7/19/2017,0.8655,0.8686,0.8652,0.8673,0.8673,0,0,0
7/18/2017,0.8711,0.8714,0.863,0.8655,0.8655,0,0,0
7/17/2017,0.8716,0.8741,0.8703,0.8711,0.8711,0,0,0
7/14/2017,0.8773,0.8776,0.8712,0.872,0.872,0,0,0
7/13/2017,0.8757,0.8791,0.8725,0.8773,0.8773,0,0,0
7/12/2017,0.8716,0.8773,0.8701,0.8757,0.8757,0,0,0
7/11/2017,0.8772,0.8782,0.8708,0.8715,0.8715,0,0,0
7/10/2017,0.8769,0.8782,0.8756,0.8772,0.8772,0,0,0
7/7/2017,0.8753,0.8784,0.8741,0.8769,0.8769,0,0,0
7/6/2017,0.8805,0.8823,0.8749,0.8753,0.8753,0,0,0
7/5/2017,0.8804,0.8836,0.8793,0.8805,0.8805,0,0,0
7/4/2017,0.8794,0.8818,0.8787,0.8808,0.8808,0,0,0
7/3/2017,0.875,0.8805,0.875,0.8794,0.8794,0,0,0
6/30/2017,0.8738,0.8775,0.8735,0.8746,0.8746,0,0,0
6/29/2017,0.8788,0.8788,0.8734,0.8737,0.8737,0,0,0
6/28/2017,0.8814,0.8847,0.8778,0.8785,0.8785,0,0,0
6/27/2017,0.8941,0.8944,0.8808,0.8813,0.8813,0,0,0
6/26/2017,0.8929,0.8948,0.891,0.8942,0.8942,0,0,0
6/23/2017,0.8966,0.897,0.892,0.8932,0.8932,0,0,0
6/22/2017,0.8952,0.8974,0.8944,0.8966,0.8966,0,0,0
6/21/2017,0.8978,0.8984,0.8948,0.8952,0.8952,0,0,0
6/20/2017,0.8965,0.8991,0.8954,0.8978,0.8978,0,0,0
6/19/2017,0.8923,0.8971,0.8916,0.8965,0.8965,0,0,0
6/16/2017,0.8969,0.8975,0.8923,0.8937,0.8937,0,0,0
6/15/2017,0.8918,0.898,0.8902,0.8969,0.8969,0,0,0
6/14/2017,0.8919,0.893,0.885,0.8918,0.8918,0,0,0
6/13/2017,0.8925,0.8938,0.8908,0.8919,0.8919,0,0,0
6/12/2017,0.8923,0.893,0.8902,0.8925,0.8925,0,0,0
6/9/2017,0.8923,0.8953,0.8915,0.8931,0.8931,0,0,0
6/8/2017,0.888,0.8929,0.8872,0.8924,0.8924,0,0,0
6/7/2017,0.8864,0.8922,0.8862,0.888,0.888,0,0,0
6/6/2017,0.888,0.8895,0.886,0.8864,0.8864,0,0,0
6/5/2017,0.8864,0.8897,0.886,0.888,0.888,0,0,0
6/2/2017,0.8911,0.8922,0.8858,0.8864,0.8864,0,0,0
6/1/2017,0.8895,0.8924,0.8882,0.8911,0.8911,0,0,0
5/31/2017,0.8946,0.8954,0.8884,0.8895,0.8895,0,0,0
5/30/2017,0.8975,0.8999,0.8926,0.8947,0.8947,0,0,0
5/29/2017,0.894,0.8978,0.8933,0.8975,0.8975,0,0,0
5/26/2017,0.8916,0.8956,0.8899,0.8942,0.8942,0,0,0
5/25/2017,0.8912,0.8931,0.8884,0.8915,0.8915,0,0,0
5/24/2017,0.8936,0.8951,0.8907,0.8912,0.8912,0,0,0
5/23/2017,0.8895,0.8946,0.8874,0.8937,0.8937,0,0,0
5/22/2017,0.8921,0.8956,0.8876,0.8895,0.8895,0,0,0
5/19/2017,0.9,0.9007,0.8917,0.8925,0.8925,0,0,0
5/18/2017,0.8957,0.9025,0.8947,0.9,0.9,0,0,0
5/17/2017,0.901,0.9021,0.8949,0.8956,0.8956,0,0,0
5/16/2017,0.9104,0.9108,0.9008,0.9011,0.9011,0,0,0
5/15/2017,0.915,0.9153,0.9097,0.9104,0.9104,0,0,0
5/12/2017,0.9202,0.9209,0.9144,0.9147,0.9147,0,0,0
5/11/2017,0.92,0.9223,0.9177,0.9202,0.9202,0,0,0
5/10/2017,0.9186,0.9211,0.9172,0.92,0.92,0,0,0
5/9/2017,0.9149,0.9202,0.9143,0.9185,0.9185,0,0,0
5/8/2017,0.9094,0.9158,0.9092,0.915,0.915,0,0,0
5/5/2017,0.9104,0.9126,0.9087,0.9087,0.9087,0,0,0
5/4/2017,0.9181,0.9193,0.9099,0.9104,0.9104,0,0,0
5/3/2017,0.9146,0.9187,0.9139,0.9181,0.9181,0,0,0
5/2/2017,0.9162,0.918,0.9143,0.9146,0.9146,0,0,0
5/1/2017,0.917,0.9184,0.9152,0.9163,0.9163,0,0,0
4/28/2017,0.9197,0.9208,0.9131,0.9177,0.9177,0,0,0
4/27/2017,0.9165,0.9212,0.9146,0.9194,0.9194,0,0,0
4/26/2017,0.9147,0.9206,0.913,0.9165,0.9165,0,0,0
4/25/2017,0.9199,0.9213,0.913,0.9146,0.9146,0,0,0
4/24/2017,0.9185,0.9238,0.9182,0.9199,0.9199,0,0,0
4/21/2017,0.933,0.9358,0.9313,0.9321,0.9321,0,0,0
4/20/2017,0.933,0.9337,0.9277,0.9329,0.9329,0,0,0
4/19/2017,0.9317,0.9343,0.9311,0.933,0.933,0,0,0
4/18/2017,0.9395,0.9399,0.9311,0.9317,0.9317,0,0,0
4/17/2017,0.9427,0.9427,0.9371,0.9394,0.9394,0,0,0
4/14/2017,0.9416,0.9426,0.9403,0.9421,0.9421,0,0,0
4/13/2017,0.9373,0.9421,0.9363,0.9418,0.9418,0,0,0
4/12/2017,0.9427,0.9441,0.9366,0.9373,0.9373,0,0,0
4/11/2017,0.9433,0.945,0.9406,0.9427,0.9427,0,0,0
4/10/2017,0.9451,0.9457,0.9424,0.9434,0.9434,0,0,0
4/7/2017,0.9393,0.9448,0.9378,0.9436,0.9436,0,0,0
4/6/2017,0.937,0.9405,0.9358,0.9393,0.9393,0,0,0
4/5/2017,0.9361,0.9397,0.9353,0.937,0.937,0,0,0
4/4/2017,0.9372,0.9399,0.9357,0.9362,0.9362,0,0,0
4/3/2017,0.9368,0.9392,0.9359,0.9372,0.9372,0,0,0
3/31/2017,0.9357,0.9393,0.9342,0.9373,0.9373,0,0,0
3/30/2017,0.9287,0.9368,0.9285,0.9357,0.9357,0,0,0
3/29/2017,0.9244,0.9308,0.9235,0.9285,0.9285,0,0,0
3/28/2017,0.9203,0.9258,0.9194,0.9244,0.9244,0,0,0
3/27/2017,0.9216,0.9224,0.9169,0.9201,0.9201,0,0,0
3/24/2017,0.9272,0.929,0.9241,0.9258,0.9258,0,0,0
3/23/2017,0.9262,0.9282,0.9254,0.9272,0.9272,0,0,0
3/22/2017,0.9246,0.9277,0.9238,0.9262,0.9262,0,0,0
3/21/2017,0.9314,0.9324,0.9239,0.9246,0.9246,0,0,0
3/20/2017,0.9307,0.9321,0.9277,0.9313,0.9313,0,0,0
3/17/2017,0.9281,0.9317,0.9272,0.9305,0.9305,0,0,0
3/16/2017,0.9317,0.9338,0.9279,0.9281,0.9281,0,0,0
3/15/2017,0.9424,0.9424,0.9309,0.9317,0.9317,0,0,0
3/14/2017,0.9385,0.9432,0.9378,0.9424,0.9424,0,0,0
3/13/2017,0.9362,0.9386,0.9331,0.9386,0.9386,0,0,0
3/10/2017,0.9453,0.9456,0.9344,0.9367,0.9367,0,0,0
3/9/2017,0.9486,0.9498,0.942,0.9453,0.9453,0,0,0
3/8/2017,0.9461,0.9489,0.9453,0.9485,0.9485,0,0,0
3/7/2017,0.9449,0.9467,0.943,0.9461,0.9461,0,0,0
3/6/2017,0.9423,0.9454,0.9398,0.9448,0.9448,0,0,0
3/3/2017,0.9515,0.9518,0.9408,0.9413,0.9413,0,0,0
3/2/2017,0.9475,0.9525,0.9475,0.9515,0.9515,0,0,0
3/1/2017,0.9455,0.9508,0.9443,0.9476,0.9476,0,0,0
2/28/2017,0.9443,0.946,0.9406,0.9455,0.9455,0,0,0
2/27/2017,0.9467,0.9475,0.9405,0.9443,0.9443,0,0,0
2/24/2017,0.9451,0.9474,0.9416,0.9472,0.9472,0,0,0
2/23/2017,0.947,0.9487,0.9436,0.945,0.945,0,0,0
2/22/2017,0.9489,0.9526,0.9454,0.9472,0.9472,0,0,0
2/21/2017,0.942,0.9498,0.9418,0.9486,0.9486,0,0,0
2/20/2017,0.9414,0.9427,0.9401,0.942,0.942,0,0,0
2/17/2017,0.937,0.9426,0.9362,0.9417,0.9417,0,0,0
2/16/2017,0.9439,0.9439,0.936,0.9371,0.9371,0,0,0
2/15/2017,0.9451,0.9501,0.9425,0.9438,0.9438,0,0,0
2/14/2017,0.9435,0.9466,0.9403,0.9451,0.9451,0,0,0
2/13/2017,0.9403,0.9439,0.9377,0.9435,0.9435,0,0,0
2/10/2017,0.9383,0.9423,0.937,0.9396,0.9396,0,0,0
2/9/2017,0.9342,0.9386,0.9333,0.9382,0.9382,0,0,0
2/8/2017,0.936,0.9395,0.9333,0.9345,0.9345,0,0,0
2/7/2017,0.9302,0.9381,0.9299,0.936,0.936,0,0,0
2/6/2017,0.927,0.9337,0.9266,0.9297,0.9297,0,0,0
2/3/2017,0.9289,0.9319,0.9259,0.9271,0.9271,0,0,0
2/2/2017,0.9284,0.9296,0.9235,0.929,0.929,0,0,0
2/1/2017,0.926,0.9311,0.9251,0.9285,0.9285,0,0,0
1/31/2017,0.9342,0.9356,0.9248,0.926,0.926,0,0,0
1/30/2017,0.9333,0.9412,0.9309,0.9342,0.9342,0,0,0
1/27/2017,0.9361,0.9378,0.9321,0.9345,0.9345,0,0,0
1/26/2017,0.93,0.938,0.9287,0.9361,0.9361,0,0,0
1/25/2017,0.9316,0.9332,0.9284,0.93,0.93,0,0,0
1/24/2017,0.928,0.9326,0.928,0.9315,0.9315,0,0,0
1/23/2017,0.934,0.934,0.9281,0.9281,0.9281,0,0,0
1/20/2017,0.938,0.9408,0.9336,0.934,0.934,0,0,0
1/19/2017,0.9402,0.9441,0.9363,0.9377,0.9377,0,0,0
1/18/2017,0.9333,0.9406,0.9332,0.9402,0.9402,0,0,0
1/17/2017,0.9433,0.9433,0.9328,0.9334,0.9334,0,0,0
1/16/2017,0.9411,0.9448,0.94,0.9433,0.9433,0,0,0
1/13/2017,0.9421,0.9432,0.9374,0.9393,0.9393,0,0,0
1/12/2017,0.9446,0.9456,0.9357,0.9419,0.9419,0,0,0
1/11/2017,0.947,0.9562,0.9412,0.9446,0.9446,0,0,0
1/10/2017,0.9446,0.9477,0.9411,0.9471,0.9471,0,0,0
1/9/2017,0.9491,0.9511,0.9443,0.9446,0.9446,0,0,0
1/6/2017,0.943,0.9498,0.942,0.9494,0.9494,0,0,0
1/5/2017,0.9533,0.9537,0.942,0.943,0.943,0,0,0
1/4/2017,0.9605,0.9622,0.9526,0.9533,0.9533,0,0,0
1/3/2017,0.9556,0.9665,0.9528,0.9605,0.9605,0,0,0
1/2/2017,0.9496,0.9565,0.9487,0.9556,0.9556,0,0,0
12/30/2016,0.9527,0.9533,0.9398,0.9504,0.9504,0,0,0
12/29/2016,0.9597,0.96,0.9526,0.9527,0.9527,0,0,0
12/28/2016,0.9559,0.9637,0.9539,0.9597,0.9597,0,0,0
12/27/2016,0.9563,0.9582,0.9548,0.9558,0.9558,0,0,0
12/26/2016,0.9558,0.9579,0.9548,0.9565,0.9565,0,0,0
12/23/2016,0.958,0.9586,0.9552,0.9565,0.9565,0,0,0
12/22/2016,0.9586,0.959,0.9524,0.958,0.958,0,0,0
12/21/2016,0.9622,0.9629,0.9566,0.9587,0.9587,0,0,0
12/20/2016,0.9611,0.9656,0.9595,0.9621,0.9621,0,0,0
12/19/2016,0.9572,0.9621,0.954,0.9612,0.9612,0,0,0
12/16/2016,0.9594,0.9607,0.9547,0.9566,0.9566,0,0,0
12/15/2016,0.9496,0.9643,0.9496,0.9596,0.9596,0,0,0
12/14/2016,0.9409,0.9522,0.9371,0.9496,0.9496,0,0,0
12/13/2016,0.9396,0.9428,0.9374,0.9409,0.9409,0,0,0
12/12/2016,0.948,0.9498,0.9386,0.9398,0.9398,0,0,0
12/9/2016,0.9419,0.9492,0.9405,0.9466,0.9466,0,0,0
12/8/2016,0.9293,0.9433,0.9237,0.9419,0.9419,0,0,0
12/7/2016,0.9326,0.9333,0.9285,0.9293,0.9293,0,0,0
12/6/2016,0.9292,0.9343,0.927,0.9328,0.9328,0,0,0
12/5/2016,0.9491,0.9515,0.9261,0.9291,0.9291,0,0,0
12/2/2016,0.9378,0.9407,0.9353,0.9375,0.9375,0,0,0
12/1/2016,0.9434,0.9444,0.9369,0.9378,0.9378,0,0,0
11/30/2016,0.9386,0.947,0.9374,0.9435,0.9435,0,0,0
11/29/2016,0.942,0.946,0.9378,0.9388,0.9388,0,0,0
11/28/2016,0.9432,0.9462,0.9359,0.9419,0.9419,0,0,0
11/25/2016,0.947,0.9486,0.9407,0.9438,0.9438,0,0,0
11/24/2016,0.9475,0.9502,0.9446,0.9469,0.9469,0,0,0
11/23/2016,0.9407,0.9496,0.9393,0.9475,0.9475,0,0,0
11/22/2016,0.9404,0.9444,0.9381,0.9407,0.9407,0,0,0
11/21/2016,0.9442,0.9449,0.9388,0.9404,0.9404,0,0,0
11/18/2016,0.9408,0.9457,0.9394,0.9443,0.9443,0,0,0
11/17/2016,0.9342,0.9413,0.9305,0.9407,0.9407,0,0,0
11/16/2016,0.9322,0.9373,0.9292,0.934,0.934,0,0,0
11/15/2016,0.9304,0.933,0.9243,0.9322,0.9322,0,0,0
11/14/2016,0.9223,0.9335,0.9222,0.9305,0.9305,0,0,0
11/11/2016,0.9184,0.923,0.9155,0.921,0.921,0,0,0
11/10/2016,0.9154,0.92,0.9128,0.9184,0.9184,0,0,0
11/9/2016,0.9077,0.9165,0.8848,0.9156,0.9156,0,0,0
11/8/2016,0.9053,0.908,0.9034,0.9076,0.9076,0,0,0
11/7/2016,0.9018,0.9065,0.8997,0.9053,0.9053,0,0,0
11/4/2016,0.9002,0.9022,0.8968,0.8969,0.8969,0,0,0
11/3/2016,0.9008,0.9038,0.8986,0.9002,0.9002,0,0,0
11/2/2016,0.9042,0.9047,0.8988,0.9008,0.9008,0,0,0
11/1/2016,0.9111,0.9122,0.9031,0.9042,0.9042,0,0,0
10/31/2016,0.9106,0.9141,0.9097,0.9111,0.9111,0,0,0
10/28/2016,0.9176,0.9177,0.9096,0.9102,0.9102,0,0,0
10/27/2016,0.9165,0.9185,0.9138,0.9176,0.9176,0,0,0
10/26/2016,0.918,0.9193,0.9135,0.9164,0.9164,0,0,0
10/25/2016,0.9196,0.9213,0.9166,0.918,0.918,0,0,0
10/24/2016,0.919,0.9206,0.9172,0.9195,0.9195,0,0,0
10/21/2016,0.9148,0.9206,0.9144,0.9185,0.9185,0,0,0
10/20/2016,0.9106,0.9158,0.9061,0.9148,0.9148,0,0,0
10/19/2016,0.9106,0.9125,0.9085,0.9106,0.9106,0,0,0
10/18/2016,0.9086,0.9113,0.9067,0.9106,0.9106,0,0,0
10/17/2016,0.9112,0.9118,0.9081,0.9085,0.9085,0,0,0
10/14/2016,0.9044,0.9114,0.9041,0.9114,0.9114,0,0,0
10/13/2016,0.9078,0.91,0.9041,0.9044,0.9044,0,0,0
10/12/2016,0.9039,0.9086,0.9033,0.9078,0.9078,0,0,0
10/11/2016,0.8971,0.9048,0.897,0.9039,0.9039,0,0,0
10/10/2016,0.8932,0.8981,0.8925,0.8974,0.8974,0,0,0
10/7/2016,0.8969,0.9042,0.8917,0.8924,0.8924,0,0,0
10/6/2016,0.8921,0.8974,0.8916,0.897,0.897,0,0,0
10/5/2016,0.8922,0.8934,0.89,0.8921,0.8921,0,0,0
10/4/2016,0.8915,0.8975,0.8896,0.8921,0.8921,0,0,0
10/3/2016,0.8898,0.8921,0.8894,0.8915,0.8915,0,0,0
9/30/2016,0.8907,0.8963,0.8889,0.8893,0.8893,0,0,0
9/29/2016,0.8912,0.8928,0.8887,0.8908,0.8908,0,0,0
9/28/2016,0.8912,0.894,0.8897,0.8912,0.8912,0,0,0
9/27/2016,0.8885,0.8932,0.888,0.8912,0.8912,0,0,0
9/26/2016,0.8898,0.8908,0.8865,0.8885,0.8885,0,0,0
9/23/2016,0.8918,0.8931,0.8894,0.8903,0.8903,0,0,0
9/22/2016,0.8934,0.8938,0.8882,0.8918,0.8918,0,0,0
9/21/2016,0.8964,0.8988,0.8931,0.8934,0.8934,0,0,0
9/20/2016,0.8943,0.8966,0.8918,0.8964,0.8964,0,0,0
9/19/2016,0.8959,0.8964,0.8928,0.8943,0.8943,0,0,0
9/16/2016,0.8888,0.8966,0.8884,0.896,0.896,0,0,0
9/15/2016,0.8892,0.891,0.8867,0.8887,0.8887,0,0,0
9/14/2016,0.8914,0.8915,0.8868,0.8892,0.8892,0,0,0
9/13/2016,0.8895,0.8923,0.8881,0.8914,0.8914,0,0,0
9/12/2016,0.8897,0.8916,0.8878,0.8896,0.8896,0,0,0
9/9/2016,0.8875,0.8924,0.8858,0.8904,0.8904,0,0,0
9/8/2016,0.889,0.8897,0.8829,0.8875,0.8875,0,0,0
9/7/2016,0.8891,0.8902,0.8872,0.8892,0.8892,0,0,0
9/6/2016,0.8968,0.8973,0.8877,0.8891,0.8891,0,0,0
9/5/2016,0.896,0.8973,0.894,0.8967,0.8967,0,0,0
9/2/2016,0.893,0.8965,0.8898,0.8962,0.8962,0,0,0
9/1/2016,0.8957,0.8984,0.8921,0.893,0.893,0,0,0
8/31/2016,0.8968,0.8987,0.8953,0.8957,0.8957,0,0,0
8/30/2016,0.8936,0.8981,0.8929,0.8967,0.8967,0,0,0
8/29/2016,0.893,0.8958,0.8919,0.8936,0.8936,0,0,0
8/26/2016,0.8859,0.894,0.8818,0.8928,0.8928,0,0,0
8/25/2016,0.8875,0.8879,0.8849,0.8859,0.8859,0,0,0
8/24/2016,0.8844,0.889,0.8838,0.8874,0.8874,0,0,0
8/23/2016,0.8831,0.8845,0.8805,0.8844,0.8844,0,0,0
8/22/2016,0.8836,0.8869,0.8824,0.8831,0.8831,0,0,0
8/19/2016,0.8812,0.8843,0.8809,0.8825,0.8825,0,0,0
8/18/2016,0.8851,0.8855,0.8794,0.8811,0.8811,0,0,0
8/17/2016,0.8865,0.8889,0.8836,0.8851,0.8851,0,0,0
8/16/2016,0.8937,0.8944,0.883,0.8864,0.8864,0,0,0
8/15/2016,0.8957,0.8962,0.8924,0.8937,0.8937,0,0,0
8/12/2016,0.8974,0.8981,0.891,0.8957,0.8957,0,0,0
8/11/2016,0.8937,0.8978,0.8932,0.8974,0.8974,0,0,0
8/10/2016,0.8994,0.8994,0.8934,0.8938,0.8938,0,0,0
8/9/2016,0.902,0.903,0.8989,0.8993,0.8993,0,0,0
8/8/2016,0.9014,0.9029,0.9001,0.9019,0.9019,0,0,0
8/5/2016,0.8984,0.9048,0.8957,0.902,0.902,0,0,0
8/4/2016,0.8966,0.8993,0.8961,0.8984,0.8984,0,0,0
8/3/2016,0.891,0.8973,0.8908,0.8966,0.8966,0,0,0
8/2/2016,0.8953,0.8956,0.8898,0.8911,0.8911,0,0,0
8/1/2016,0.8949,0.8961,0.8941,0.8953,0.8953,0,0,0
7/29/2016,0.9025,0.9028,0.893,0.8946,0.8946,0,0,0
7/28/2016,0.9041,0.9041,0.8993,0.9025,0.9025,0,0,0
7/27/2016,0.9098,0.9118,0.9029,0.9041,0.9041,0,0,0
7/26/2016,0.9094,0.9105,0.9069,0.9098,0.9098,0,0,0
7/25/2016,0.9112,0.9128,0.9089,0.9094,0.9094,0,0,0
7/22/2016,0.9066,0.9125,0.9057,0.9107,0.9107,0,0,0
7/21/2016,0.908,0.9102,0.9045,0.9067,0.9067,0,0,0
7/20/2016,0.9073,0.9103,0.9069,0.908,0.908,0,0,0
7/19/2016,0.9027,0.9087,0.9021,0.9074,0.9074,0,0,0
7/18/2016,0.904,0.9057,0.902,0.9027,0.9027,0,0,0
7/15/2016,0.8996,0.9065,0.8967,0.906,0.906,0,0,0
7/14/2016,0.9008,0.9014,0.8955,0.8994,0.8994,0,0,0
7/13/2016,0.9036,0.9052,0.899,0.9007,0.9007,0,0,0
7/12/2016,0.9039,0.9045,0.8988,0.9036,0.9036,0,0,0
7/11/2016,0.9047,0.9074,0.9028,0.9038,0.9038,0,0,0
7/8/2016,0.9039,0.9076,0.9008,0.9044,0.9044,0,0,0
7/7/2016,0.9008,0.9045,0.8998,0.904,0.904,0,0,0
7/6/2016,0.9036,0.9058,0.8993,0.9009,0.9009,0,0,0
7/5/2016,0.8969,0.9038,0.8945,0.9038,0.9038,0,0,0
7/4/2016,0.8982,0.9008,0.8957,0.8968,0.8968,0,0,0
7/1/2016,0.9007,0.9029,0.8952,0.8977,0.8977,0,0,0
6/30/2016,0.8988,0.9062,0.8963,0.9006,0.9006,0,0,0
6/29/2016,0.9028,0.9059,0.8979,0.8985,0.8985,0,0,0
6/28/2016,0.9079,0.9079,0.9001,0.9027,0.9027,0,0,0
6/27/2016,0.9029,0.9111,0.9021,0.908,0.908,0,0,0
6/24/2016,0.8785,0.9161,0.8785,0.8995,0.8995,0,0,0
6/23/2016,0.8822,0.8833,0.8748,0.8787,0.8787,0,0,0
6/22/2016,0.8881,0.8896,0.8809,0.8822,0.8822,0,0,0
6/21/2016,0.8836,0.8894,0.8807,0.8881,0.8881,0,0,0
6/20/2016,0.883,0.8845,0.8783,0.8836,0.8836,0,0,0
6/17/2016,0.8901,0.8907,0.8852,0.8868,0.8868,0,0,0
6/16/2016,0.8876,0.8981,0.8851,0.8901,0.8901,0,0,0
6/15/2016,0.8919,0.8934,0.8852,0.8876,0.8876,0,0,0
6/14/2016,0.8854,0.8934,0.8847,0.8918,0.8918,0,0,0
6/13/2016,0.8887,0.8899,0.8845,0.8854,0.8854,0,0,0
6/10/2016,0.8836,0.8889,0.8831,0.8888,0.8888,0,0,0
6/9/2016,0.877,0.8842,0.8756,0.8835,0.8835,0,0,0
6/8/2016,0.8804,0.8804,0.8762,0.877,0.877,0,0,0
6/7/2016,0.8804,0.8816,0.8786,0.8804,0.8804,0,0,0
6/6/2016,0.8802,0.8823,0.8777,0.8804,0.8804,0,0,0
6/3/2016,0.8964,0.8976,0.879,0.8796,0.8796,0,0,0
6/2/2016,0.8938,0.8968,0.8911,0.8964,0.8964,0,0,0
6/1/2016,0.8981,0.8994,0.893,0.8938,0.8938,0,0,0
5/31/2016,0.8973,0.8988,0.8946,0.8981,0.8981,0,0,0
5/30/2016,0.8998,0.9008,0.897,0.8973,0.8973,0,0,0
5/27/2016,0.8931,0.8997,0.8926,0.8997,0.8997,0,0,0
5/26/2016,0.8961,0.8966,0.8915,0.8931,0.8931,0,0,0
5/25/2016,0.8974,0.8982,0.8952,0.896,0.896,0,0,0
5/24/2016,0.8913,0.8979,0.8906,0.8974,0.8974,0,0,0
5/23/2016,0.8913,0.8935,0.8893,0.8913,0.8913,0,0,0
5/20/2016,0.8924,0.8928,0.8897,0.8908,0.8908,0,0,0
5/19/2016,0.8907,0.8942,0.8902,0.8924,0.8924,0,0,0
5/18/2016,0.8837,0.8914,0.8834,0.8907,0.8907,0,0,0
5/17/2016,0.8836,0.8845,0.8812,0.8837,0.8837,0,0,0
5/16/2016,0.8835,0.8844,0.8814,0.8835,0.8835,0,0,0
5/13/2016,0.8786,0.8859,0.8783,0.8839,0.8839,0,0,0
5/12/2016,0.8751,0.8792,0.8746,0.8785,0.8785,0,0,0
5/11/2016,0.8791,0.8793,0.8732,0.8751,0.8751,0,0,0
5/10/2016,0.8782,0.88,0.8764,0.8791,0.8791,0,0,0
5/9/2016,0.8771,0.8788,0.8753,0.8782,0.8782,0,0,0
5/6/2016,0.8767,0.8779,0.872,0.8767,0.8767,0,0,0
5/5/2016,0.8701,0.8778,0.8697,0.8767,0.8767,0,0,0
5/4/2016,0.8694,0.8717,0.8675,0.8699,0.8699,0,0,0
5/3/2016,0.8673,0.8698,0.8607,0.8693,0.8693,0,0,0
5/2/2016,0.8727,0.8731,0.8664,0.8673,0.8673,0,0,0
4/29/2016,0.8806,0.8807,0.8724,0.873,0.873,0,0,0
4/28/2016,0.8826,0.8848,0.8794,0.8805,0.8805,0,0,0
4/27/2016,0.8847,0.8864,0.8816,0.8826,0.8826,0,0,0
4/26/2016,0.8872,0.8881,0.8817,0.8847,0.8847,0,0,0
4/25/2016,0.8902,0.8907,0.8861,0.8873,0.8873,0,0,0
4/22/2016,0.8856,0.8911,0.8839,0.8906,0.8906,0,0,0
4/21/2016,0.8846,0.8866,0.878,0.8856,0.8856,0,0,0
4/20/2016,0.8803,0.8854,0.8781,0.8846,0.8846,0,0,0
4/19/2016,0.8839,0.8844,0.878,0.8802,0.8802,0,0,0
4/18/2016,0.8861,0.8866,0.8822,0.8839,0.8839,0,0,0
4/15/2016,0.8873,0.8889,0.8836,0.8854,0.8854,0,0,0
4/14/2016,0.886,0.8899,0.8851,0.8875,0.8875,0,0,0
4/13/2016,0.878,0.8868,0.8777,0.8863,0.8863,0,0,0
4/12/2016,0.8761,0.8809,0.8722,0.8781,0.8781,0,0,0
4/11/2016,0.8765,0.8789,0.8734,0.8762,0.8762,0,0,0
4/8/2016,0.8791,0.8808,0.8754,0.8775,0.8775,0,0,0
4/7/2016,0.8772,0.8817,0.873,0.879,0.879,0,0,0
4/6/2016,0.8782,0.8823,0.8745,0.8772,0.8772,0,0,0
4/5/2016,0.8778,0.8818,0.8766,0.8782,0.8782,0,0,0
4/4/2016,0.8776,0.8801,0.8759,0.8778,0.8778,0,0,0
4/1/2016,0.8786,0.8815,0.8743,0.8773,0.8773,0,0,0
3/31/2016,0.8822,0.8839,0.8761,0.8786,0.8786,0,0,0
3/30/2016,0.8856,0.8857,0.8798,0.8822,0.8822,0,0,0
3/29/2016,0.8929,0.895,0.8843,0.8856,0.8856,0,0,0
3/28/2016,0.8958,0.8963,0.8911,0.8928,0.8928,0,0,0
3/25/2016,0.8944,0.8962,0.8939,0.8944,0.8944,0,0,0
3/24/2016,0.894,0.8967,0.8937,0.8944,0.8944,0,0,0
3/23/2016,0.8913,0.8958,0.8907,0.8941,0.8941,0,0,0
3/22/2016,0.8894,0.8933,0.8877,0.8913,0.8913,0,0,0
3/21/2016,0.8868,0.8898,0.8858,0.8894,0.8894,0,0,0
3/18/2016,0.8835,0.888,0.8819,0.8867,0.8867,0,0,0
3/17/2016,0.8914,0.8921,0.8815,0.8835,0.8835,0,0,0
3/16/2016,0.9001,0.904,0.8896,0.8914,0.8914,0,0,0
3/15/2016,0.9004,0.9027,0.8989,0.9001,0.9001,0,0,0
3/14/2016,0.8954,0.9023,0.8946,0.9003,0.9003,0,0,0
3/11/2016,0.8942,0.9022,0.8919,0.8963,0.8963,0,0,0
3/10/2016,0.9091,0.9235,0.8913,0.8942,0.8942,0,0,0
3/9/2016,0.9083,0.9133,0.906,0.9091,0.9091,0,0,0
3/8/2016,0.9076,0.9093,0.9044,0.9084,0.9084,0,0,0
3/7/2016,0.9095,0.9138,0.9068,0.9076,0.9076,0,0,0
3/4/2016,0.913,0.9166,0.9056,0.9087,0.9087,0,0,0
3/3/2016,0.9197,0.9211,0.9115,0.913,0.913,0,0,0
3/2/2016,0.9199,0.9236,0.9189,0.9197,0.9197,0,0,0
3/1/2016,0.9181,0.9226,0.9176,0.9199,0.9199,0,0,0
2/29/2016,0.9157,0.9205,0.9121,0.9185,0.9185,0,0,0
2/26/2016,0.9071,0.916,0.9033,0.9143,0.9143,0,0,0
2/25/2016,0.9074,0.9096,0.9048,0.9072,0.9072,0,0,0
2/24/2016,0.9072,0.9122,0.9052,0.9075,0.9075,0,0,0
2/23/2016,0.9065,0.9096,0.9047,0.9072,0.9072,0,0,0
2/22/2016,0.8994,0.9084,0.8987,0.9068,0.9068,0,0,0
2/19/2016,0.8999,0.9032,0.8974,0.8983,0.8983,0,0,0
2/18/2016,0.8982,0.9029,0.8967,0.8999,0.8999,0,0,0
2/17/2016,0.8974,0.9001,0.8943,0.8982,0.8982,0,0,0
2/16/2016,0.8954,0.8986,0.8933,0.8974,0.8974,0,0,0
2/15/2016,0.8895,0.8983,0.8893,0.8955,0.8955,0,0,0
2/12/2016,0.8837,0.8912,0.8822,0.8881,0.8881,0,0,0
2/11/2016,0.8864,0.8866,0.8789,0.8836,0.8836,0,0,0
2/10/2016,0.8856,0.8951,0.8838,0.8863,0.8863,0,0,0
2/9/2016,0.8927,0.8955,0.8819,0.8856,0.8856,0,0,0
2/8/2016,0.8969,0.9017,0.8915,0.8924,0.8924,0,0,0
2/5/2016,0.8925,0.8999,0.8913,0.896,0.896,0,0,0
2/4/2016,0.9014,0.903,0.8902,0.8924,0.8924,0,0,0
2/3/2016,0.9152,0.9168,0.897,0.9021,0.9021,0,0,0
2/2/2016,0.918,0.9183,0.9139,0.9151,0.9151,0,0,0
2/1/2016,0.9231,0.9244,0.9163,0.9181,0.9181,0,0,0
1/29/2016,0.9139,0.9247,0.9131,0.9232,0.9232,0,0,0
1/28/2016,0.917,0.9197,0.9116,0.9139,0.9139,0,0,0
1/27/2016,0.9201,0.9213,0.916,0.9169,0.9169,0,0,0
1/26/2016,0.9214,0.924,0.9193,0.92,0.92,0,0,0
1/25/2016,0.9263,0.9265,0.9207,0.9214,0.9214,0,0,0
1/22/2016,0.9196,0.9266,0.9192,0.926,0.926,0,0,0
1/21/2016,0.9179,0.9273,0.9154,0.9197,0.9197,0,0,0
1/20/2016,0.916,0.919,0.911,0.9181,0.9181,0,0,0
1/19/2016,0.9179,0.9205,0.914,0.916,0.916,0,0,0
1/18/2016,0.9163,0.9195,0.9149,0.9179,0.9179,0,0,0
1/15/2016,0.9204,0.921,0.9104,0.9155,0.9155,0,0,0
1/14/2016,0.9186,0.9226,0.9134,0.9204,0.9204,0,0,0
1/13/2016,0.9216,0.9253,0.9183,0.9188,0.9188,0,0,0
1/12/2016,0.9204,0.9238,0.9172,0.9216,0.9216,0,0,0
1/11/2016,0.9133,0.9214,0.9115,0.9204,0.9204,0,0,0
1/8/2016,0.9154,0.9241,0.9146,0.9147,0.9147,0,0,0
1/7/2016,0.9275,0.928,0.9139,0.9153,0.9153,0,0,0
1/6/2016,0.9297,0.9326,0.9259,0.9277,0.9277,0,0,0
1/5/2016,0.9232,0.9334,0.9224,0.9296,0.9296,0,0,0
1/4/2016,0.9199,0.9272,0.9135,0.9231,0.9231,0,0,0
1/1/2016,0.9202,0.9215,0.9193,0.9204,0.9204,0,0,0
12/31/2015,0.9146,0.9217,0.914,0.9217,0.9217,0,0,0
12/30/2015,0.9153,0.9169,0.9136,0.915,0.915,0,0,0
12/29/2015,0.9109,0.9171,0.9095,0.9152,0.9152,0,0,0
12/28/2015,0.912,0.9125,0.9095,0.911,0.911,0,0,0
12/25/2015,0.9117,0.9144,0.9105,0.9108,0.9108,0,0,0
12/24/2015,0.9168,0.9168,0.9111,0.9117,0.9117,0,0,0
12/23/2015,0.9129,0.9196,0.9126,0.9166,0.9166,0,0,0
12/22/2015,0.9163,0.9169,0.9102,0.913,0.913,0,0,0
12/21/2015,0.9209,0.9213,0.9141,0.9163,0.9163,0,0,0
12/18/2015,0.9223,0.9252,0.9194,0.9201,0.9201,0,0,0
12/17/2015,0.9179,0.9254,0.9179,0.9228,0.9228,0,0,0
12/16/2015,0.9144,0.9178,0.9084,0.9178,0.9178,0,0,0
12/15/2015,0.9088,0.9168,0.904,0.9145,0.9145,0,0,0
12/14/2015,0.9112,0.9133,0.9047,0.9088,0.9088,0,0,0
12/11/2015,0.9138,0.9149,0.9064,0.9096,0.9096,0,0,0
12/10/2015,0.9074,0.9149,0.9069,0.9138,0.9138,0,0,0
12/9/2015,0.9177,0.9188,0.9054,0.9075,0.9075,0,0,0
12/8/2015,0.9229,0.9231,0.917,0.9177,0.9177,0,0,0
12/7/2015,0.9193,0.9259,0.9183,0.9229,0.9229,0,0,0
12/4/2015,0.9149,0.9224,0.9126,0.9185,0.9185,0,0,0
12/3/2015,0.9424,0.9483,0.9106,0.9149,0.9149,0,0,0
12/2/2015,0.941,0.9469,0.9404,0.9424,0.9424,0,0,0
12/1/2015,0.9456,0.9464,0.9396,0.941,0.941,0,0,0
11/30/2015,0.9438,0.9469,0.9435,0.9451,0.9451,0,0,0
11/27/2015,0.9427,0.9459,0.9399,0.944,0.944,0,0,0
11/26/2015,0.9413,0.9431,0.9407,0.9426,0.9426,0,0,0
11/25/2015,0.939,0.9454,0.9354,0.9412,0.9412,0,0,0
11/24/2015,0.9402,0.9412,0.9369,0.9391,0.9391,0,0,0
11/23/2015,0.9393,0.9433,0.9384,0.9399,0.9399,0,0,0
11/20/2015,0.9317,0.9396,0.9315,0.9391,0.9391,0,0,0
11/19/2015,0.9378,0.9378,0.9289,0.9318,0.9318,0,0,0
11/18/2015,0.9391,0.941,0.9351,0.9378,0.9378,0,0,0
11/17/2015,0.9358,0.9404,0.9352,0.9391,0.9391,0,0,0
11/16/2015,0.9312,0.9365,0.9295,0.9358,0.9358,0,0,0
11/13/2015,0.9251,0.9331,0.9244,0.9276,0.9276,0,0,0
11/12/2015,0.9292,0.9346,0.9237,0.9251,0.9251,0,0,0
11/11/2015,0.9325,0.9337,0.928,0.9292,0.9292,0,0,0
11/10/2015,0.9295,0.9365,0.9289,0.9325,0.9325,0,0,0
11/9/2015,0.9316,0.9326,0.9266,0.9296,0.9296,0,0,0
11/6/2015,0.9186,0.9333,0.9177,0.931,0.931,0,0,0
11/5/2015,0.92,0.9227,0.9178,0.9185,0.9185,0,0,0
11/4/2015,0.912,0.9217,0.9114,0.9199,0.9199,0,0,0
11/3/2015,0.9077,0.9141,0.9061,0.912,0.912,0,0,0
11/2/2015,0.9061,0.9086,0.9046,0.9077,0.9077,0,0,0
10/30/2015,0.9098,0.9115,0.903,0.9083,0.9083,0,0,0
10/29/2015,0.9147,0.9165,0.9096,0.9099,0.9099,0,0,0
10/28/2015,0.9058,0.9173,0.9013,0.9146,0.9146,0,0,0
10/27/2015,0.9039,0.9063,0.9025,0.9057,0.9057,0,0,0
10/26/2015,0.9073,0.9084,0.9032,0.9039,0.9039,0,0,0
10/23/2015,0.9001,0.9091,0.8974,0.9073,0.9073,0,0,0
10/22/2015,0.8815,0.9023,0.8807,0.9002,0.9002,0,0,0
10/21/2015,0.8806,0.8819,0.8786,0.8815,0.8815,0,0,0
10/20/2015,0.8826,0.8827,0.878,0.8806,0.8806,0,0,0
10/19/2015,0.8807,0.884,0.8785,0.8825,0.8825,0,0,0
10/16/2015,0.8788,0.8817,0.8774,0.881,0.881,0,0,0
10/15/2015,0.8712,0.8797,0.8695,0.8788,0.8788,0,0,0
10/14/2015,0.8779,0.8783,0.8701,0.8713,0.8713,0,0,0
10/13/2015,0.8803,0.8812,0.8762,0.8779,0.8779,0,0,0
10/12/2015,0.8799,0.8805,0.8772,0.8803,0.8803,0,0,0
10/9/2015,0.8852,0.8872,0.8779,0.8805,0.8805,0,0,0
10/8/2015,0.8897,0.8898,0.8828,0.8856,0.8856,0,0,0
10/7/2015,0.8873,0.8915,0.8861,0.8898,0.8898,0,0,0
10/6/2015,0.8933,0.8947,0.8863,0.8873,0.8873,0,0,0
10/5/2015,0.8914,0.8947,0.8855,0.8933,0.8933,0,0,0
10/2/2015,0.8933,0.8964,0.8834,0.8918,0.8918,0,0,0
10/1/2015,0.8948,0.8975,0.8918,0.8933,0.8933,0,0,0
9/30/2015,0.8881,0.8959,0.8877,0.8948,0.8948,0,0,0
9/29/2015,0.8898,0.893,0.8863,0.8881,0.8881,0,0,0
9/28/2015,0.8932,0.8965,0.8888,0.8899,0.8899,0,0,0
9/25/2015,0.8945,0.8991,0.8918,0.893,0.893,0,0,0
9/24/2015,0.8937,0.8956,0.8851,0.8944,0.8944,0,0,0
9/23/2015,0.8981,0.9002,0.8916,0.8934,0.8934,0,0,0
9/22/2015,0.8937,0.8995,0.8919,0.8981,0.8981,0,0,0
9/21/2015,0.8852,0.8939,0.8825,0.8937,0.8937,0,0,0
9/18/2015,0.8758,0.8861,0.8725,0.8838,0.8838,0,0,0
9/17/2015,0.8853,0.8858,0.8739,0.8757,0.8757,0,0,0
9/16/2015,0.8869,0.8914,0.8834,0.8854,0.8854,0,0,0
9/15/2015,0.8837,0.8878,0.8825,0.8869,0.8869,0,0,0
9/14/2015,0.8813,0.8855,0.8794,0.8839,0.8839,0,0,0
9/11/2015,0.8856,0.8882,0.8809,0.8816,0.8816,0,0,0
9/10/2015,0.8911,0.8946,0.8851,0.8856,0.8856,0,0,0
9/9/2015,0.892,0.898,0.8907,0.8912,0.8912,0,0,0
9/8/2015,0.8949,0.8963,0.8905,0.892,0.892,0,0,0
9/7/2015,0.897,0.8987,0.8943,0.8949,0.8949,0,0,0
9/4/2015,0.899,0.9012,0.8946,0.897,0.897,0,0,0
9/3/2015,0.8909,0.9015,0.8893,0.8991,0.8991,0,0,0
9/2/2015,0.8848,0.8914,0.8845,0.891,0.891,0,0,0
9/1/2015,0.8911,0.8914,0.8821,0.8846,0.8846,0,0,0
8/31/2015,0.8927,0.8938,0.8877,0.8911,0.8911,0,0,0
8/28/2015,0.889,0.8958,0.884,0.894,0.894,0,0,0
8/27/2015,0.8818,0.8923,0.8796,0.8893,0.8893,0,0,0
8/26/2015,0.8671,0.8852,0.865,0.8816,0.8816,0,0,0
8/25/2015,0.862,0.8771,0.8618,0.8672,0.8672,0,0,0
8/24/2015,0.8776,0.8792,0.8541,0.8619,0.8619,0,0,0
8/21/2015,0.8899,0.8903,0.8779,0.8783,0.8783,0,0,0
8/20/2015,0.8994,0.9,0.889,0.8899,0.8899,0,0,0
8/19/2015,0.9064,0.9071,0.8978,0.8994,0.8994,0,0,0
8/18/2015,0.9026,0.9073,0.9013,0.9065,0.9065,0,0,0
8/17/2015,0.9002,0.9038,0.8987,0.9026,0.9026,0,0,0
8/14/2015,0.8963,0.9008,0.8936,0.9,0.9,0,0,0
8/13/2015,0.8961,0.902,0.8935,0.8962,0.8962,0,0,0
8/12/2015,0.9052,0.9066,0.8917,0.8961,0.8961,0,0,0
8/11/2015,0.9074,0.912,0.9018,0.9051,0.9051,0,0,0
8/10/2015,0.9117,0.915,0.9055,0.9074,0.9074,0,0,0
8/7/2015,0.9149,0.9208,0.9107,0.9116,0.9116,0,0,0
8/6/2015,0.917,0.9193,0.914,0.9148,0.9148,0,0,0
8/5/2015,0.918,0.9214,0.9159,0.917,0.917,0,0,0
8/4/2015,0.9127,0.9188,0.9098,0.9181,0.9181,0,0,0
8/3/2015,0.9109,0.9135,0.9092,0.9127,0.9127,0,0,0
7/31/2015,0.9145,0.9153,0.8998,0.9103,0.9103,0,0,0
7/30/2015,0.9097,0.9175,0.9097,0.9146,0.9146,0,0,0
7/29/2015,0.9021,0.9113,0.902,0.9098,0.9098,0,0,0
7/28/2015,0.9018,0.907,0.9008,0.9038,0.9038,0,0,0
7/27/2015,0.9109,0.9114,0.8986,0.9018,0.9018,0,0,0
7/24/2015,0.9101,0.9149,0.9093,0.9105,0.9105,0,0,0
7/23/2015,0.9146,0.9153,0.9074,0.9102,0.9102,0,0,0
7/22/2015,0.9141,0.9196,0.9117,0.9147,0.9147,0,0,0
7/21/2015,0.9231,0.9245,0.9118,0.9141,0.9141,0,0,0
7/20/2015,0.9224,0.9243,0.9198,0.9232,0.9232,0,0,0
7/17/2015,0.9189,0.9239,0.9166,0.923,0.923,0,0,0
7/16/2015,0.9122,0.9208,0.912,0.9189,0.9189,0,0,0
7/15/2015,0.9078,0.9146,0.9061,0.9121,0.9121,0,0,0
7/14/2015,0.9083,0.9114,0.9028,0.9078,0.9078,0,0,0
7/13/2015,0.899,0.9092,0.893,0.9082,0.9082,0,0,0
7/10/2015,0.903,0.9043,0.8916,0.896,0.896,0,0,0
7/9/2015,0.9027,0.9095,0.8992,0.9029,0.9029,0,0,0
7/8/2015,0.9085,0.9109,0.9016,0.9026,0.9026,0,0,0
7/7/2015,0.9043,0.9156,0.9041,0.9085,0.9085,0,0,0
7/6/2015,0.9069,0.9094,0.9011,0.9043,0.9043,0,0,0
7/3/2015,0.9015,0.9034,0.8992,0.8992,0.8992,0,0,0
7/2/2015,0.9052,0.9061,0.8992,0.9014,0.9014,0,0,0
7/1/2015,0.8982,0.9054,0.8957,0.9051,0.9051,0,0,0
6/30/2015,0.8914,0.8988,0.8895,0.8983,0.8983,0,0,0
6/29/2015,0.9096,0.9111,0.8874,0.8914,0.8914,0,0,0
6/26/2015,0.8925,0.8981,0.8912,0.8956,0.8956,0,0,0
6/25/2015,0.8922,0.8962,0.8909,0.8925,0.8925,0,0,0
6/24/2015,0.8949,0.8957,0.8899,0.8922,0.8922,0,0,0
6/23/2015,0.8813,0.8975,0.8808,0.8948,0.8948,0,0,0
6/22/2015,0.88,0.8834,0.8765,0.8815,0.8815,0,0,0
6/19/2015,0.879,0.8851,0.878,0.8805,0.8805,0,0,0
6/18/2015,0.8815,0.8815,0.8743,0.8791,0.8791,0,0,0
6/17/2015,0.8889,0.8904,0.8803,0.8815,0.8815,0,0,0
6/16/2015,0.8865,0.8919,0.8827,0.8889,0.8889,0,0,0
6/15/2015,0.8905,0.8934,0.8848,0.8866,0.8866,0,0,0
6/12/2015,0.8895,0.896,0.8857,0.8878,0.8878,0,0,0
6/11/2015,0.8828,0.8931,0.8828,0.8894,0.8894,0,0,0
6/10/2015,0.8868,0.8876,0.8784,0.8832,0.8832,0,0,0
6/9/2015,0.8862,0.8914,0.8815,0.8868,0.8868,0,0,0
6/8/2015,0.9,0.9016,0.8842,0.8861,0.8861,0,0,0
6/5/2015,0.8924,0.9046,0.8862,0.8997,0.8997,0,0,0
6/4/2015,0.8873,0.8924,0.8791,0.8923,0.8923,0,0,0
6/3/2015,0.8965,0.9019,0.886,0.8876,0.8876,0,0,0
6/2/2015,0.9148,0.9158,0.8936,0.8965,0.8965,0,0,0
6/1/2015,0.9115,0.9181,0.9106,0.9148,0.9148,0,0,0
5/29/2015,0.9114,0.9149,0.9086,0.9091,0.9091,0,0,0
5/28/2015,0.9168,0.9193,0.911,0.9114,0.9114,0,0,0
5/27/2015,0.9183,0.9239,0.9148,0.9167,0.9167,0,0,0
5/26/2015,0.9106,0.9202,0.9103,0.9183,0.9183,0,0,0
5/25/2015,0.9087,0.912,0.9081,0.9106,0.9106,0,0,0
5/22/2015,0.9,0.9085,0.8919,0.9078,0.9078,0,0,0
5/21/2015,0.901,0.9019,0.8941,0.8997,0.8997,0,0,0
5/20/2015,0.8967,0.9032,0.8966,0.901,0.901,0,0,0
5/19/2015,0.8835,0.8988,0.8826,0.8969,0.8969,0,0,0
5/18/2015,0.8739,0.8848,0.8734,0.8835,0.8835,0,0,0
5/15/2015,0.8766,0.8826,0.8719,0.8734,0.8734,0,0,0
5/14/2015,0.8806,0.8814,0.8736,0.8767,0.8767,0,0,0
5/13/2015,0.8914,0.8923,0.878,0.8803,0.8803,0,0,0
5/12/2015,0.8967,0.8978,0.8867,0.8914,0.8914,0,0,0
5/11/2015,0.8928,0.8979,0.8923,0.8966,0.8966,0,0,0
5/8/2015,0.8893,0.8938,0.8869,0.8903,0.8903,0,0,0
5/7/2015,0.8813,0.8903,0.8776,0.889,0.889,0,0,0
5/6/2015,0.8943,0.8945,0.8792,0.8813,0.8813,0,0,0
5/5/2015,0.8969,0.9033,0.8912,0.8943,0.8943,0,0,0
5/4/2015,0.8937,0.8987,0.8906,0.897,0.897,0,0,0
5/1/2015,0.8917,0.8944,0.8862,0.8928,0.8928,0,0,0
4/30/2015,0.8992,0.9028,0.8875,0.8914,0.8914,0,0,0
4/29/2015,0.9109,0.9121,0.8936,0.8993,0.8993,0,0,0
4/28/2015,0.9192,0.9203,0.9097,0.9108,0.9108,0,0,0
4/27/2015,0.9201,0.9239,0.9151,0.9192,0.9192,0,0,0
4/24/2015,0.9243,0.9269,0.9174,0.9193,0.9193,0,0,0
4/23/2015,0.9326,0.937,0.9219,0.9244,0.9244,0,0,0
4/22/2015,0.9311,0.9335,0.9257,0.9326,0.9326,0,0,0
4/21/2015,0.931,0.9376,0.9275,0.9311,0.9311,0,0,0
4/20/2015,0.9262,0.9332,0.9241,0.931,0.931,0,0,0
4/17/2015,0.9291,0.9309,0.9215,0.925,0.925,0,0,0
4/16/2015,0.9364,0.9408,0.9245,0.929,0.929,0,0,0
4/15/2015,0.9386,0.9456,0.9341,0.9364,0.9364,0,0,0
4/14/2015,0.9455,0.9492,0.934,0.9387,0.9387,0,0,0
4/13/2015,0.9418,0.9502,0.9414,0.9456,0.9456,0,0,0
4/10/2015,0.9375,0.9459,0.9356,0.9422,0.9422,0,0,0
4/9/2015,0.9271,0.9398,0.9268,0.9375,0.9375,0,0,0
4/8/2015,0.9235,0.9282,0.9184,0.927,0.927,0,0,0
4/7/2015,0.9145,0.9252,0.9124,0.9236,0.9236,0,0,0
4/6/2015,0.9086,0.916,0.906,0.9144,0.9144,0,0,0
4/3/2015,0.9192,0.9202,0.9069,0.9116,0.9116,0,0,0
4/2/2015,0.9283,0.9299,0.9172,0.9192,0.9192,0,0,0
4/1/2015,0.9309,0.9326,0.9257,0.9283,0.9283,0,0,0
3/31/2015,0.9232,0.9329,0.9218,0.9309,0.9309,0,0,0
3/30/2015,0.9182,0.9248,0.9178,0.923,0.923,0,0,0
3/27/2015,0.9189,0.9254,0.9142,0.9182,0.9182,0,0,0
3/26/2015,0.9118,0.9207,0.905,0.9189,0.9189,0,0,0
3/25/2015,0.916,0.9171,0.9079,0.9118,0.9118,0,0,0
3/24/2015,0.9122,0.9179,0.9069,0.9162,0.9162,0,0,0
3/23/2015,0.9223,0.9283,0.911,0.9122,0.9122,0,0,0
3/20/2015,0.937,0.9382,0.9189,0.9244,0.9244,0,0,0
3/19/2015,0.9237,0.9417,0.9163,0.9371,0.9371,0,0,0
3/18/2015,0.9437,0.9449,0.9074,0.9233,0.9233,0,0,0
3/17/2015,0.9458,0.9474,0.939,0.9437,0.9437,0,0,0
3/16/2015,0.9521,0.9539,0.9417,0.9459,0.9459,0,0,0
3/13/2015,0.9412,0.9555,0.9403,0.9518,0.9518,0,0,0
3/12/2015,0.9471,0.9523,0.9359,0.9411,0.9411,0,0,0
3/11/2015,0.9355,0.951,0.9329,0.9475,0.9475,0,0,0
3/10/2015,0.9216,0.9369,0.9213,0.9355,0.9355,0,0,0
3/9/2015,0.9224,0.9226,0.9167,0.9216,0.9216,0,0,0
3/6/2015,0.9063,0.9227,0.9059,0.9225,0.9225,0,0,0
3/5/2015,0.9022,0.9096,0.9002,0.9062,0.9062,0,0,0
3/4/2015,0.8942,0.9037,0.8937,0.9022,0.9022,0,0,0
3/3/2015,0.8943,0.8962,0.8913,0.8941,0.8941,0,0,0
3/2/2015,0.894,0.8958,0.8894,0.8942,0.8942,0,0,0
2/27/2015,0.893,0.8944,0.889,0.8927,0.8927,0,0,0
2/26/2015,0.8797,0.8939,0.8785,0.893,0.893,0,0,0
2/25/2015,0.8814,0.8819,0.8778,0.8797,0.8797,0,0,0
2/24/2015,0.8818,0.8852,0.8805,0.8815,0.8815,0,0,0
2/23/2015,0.8784,0.8851,0.8774,0.8818,0.8818,0,0,0
2/20/2015,0.8798,0.8861,0.875,0.8785,0.8785,0,0,0
2/19/2015,0.8768,0.8802,0.8733,0.8796,0.8796,0,0,0
2/18/2015,0.8761,0.8819,0.8757,0.8768,0.8768,0,0,0
2/17/2015,0.8811,0.8829,0.8735,0.8761,0.8761,0,0,0
2/16/2015,0.8769,0.883,0.8747,0.8811,0.8811,0,0,0
2/13/2015,0.8769,0.8784,0.8738,0.8784,0.8784,0,0,0
2/12/2015,0.8824,0.8843,0.8753,0.8766,0.8766,0,0,0
2/11/2015,0.8834,0.8862,0.8809,0.8824,0.8824,0,0,0
2/10/2015,0.8827,0.8868,0.8811,0.8833,0.8833,0,0,0
2/9/2015,0.8838,0.887,0.8804,0.8826,0.8826,0,0,0
2/6/2015,0.871,0.8838,0.8709,0.8836,0.8836,0,0,0
2/5/2015,0.882,0.8843,0.8694,0.8708,0.8708,0,0,0
2/4/2015,0.872,0.8834,0.8705,0.882,0.882,0,0,0
2/3/2015,0.8819,0.8837,0.867,0.872,0.872,0,0,0
2/2/2015,0.8837,0.8853,0.88,0.8818,0.8818,0,0,0
1/30/2015,0.8824,0.8863,0.8799,0.8857,0.8857,0,0,0
1/29/2015,0.8865,0.8877,0.8796,0.8826,0.8826,0,0,0
1/28/2015,0.8791,0.8869,0.8784,0.8866,0.8866,0,0,0
1/27/2015,0.8897,0.8907,0.8753,0.8791,0.8791,0,0,0
1/26/2015,0.897,0.9003,0.8852,0.8897,0.8897,0,0,0
1/23/2015,0.8793,0.8994,0.8788,0.8921,0.8921,0,0,0
1/22/2015,0.8608,0.8832,0.8588,0.8797,0.8797,0,0,0
1/21/2015,0.8652,0.8661,0.857,0.8606,0.8606,0,0,0
1/20/2015,0.8615,0.8662,0.8608,0.8651,0.8651,0,0,0
1/19/2015,0.8645,0.8653,0.859,0.8615,0.8615,0,0,0
1/16/2015,0.8598,0.872,0.8582,0.8644,0.8644,0,0,0
1/15/2015,0.8479,0.8637,0.8479,0.8597,0.8597,0,0,0
1/14/2015,0.849,0.8524,0.8443,0.848,0.848,0,0,0
1/13/2015,0.8451,0.8504,0.8429,0.8489,0.8489,0,0,0
1/12/2015,0.8423,0.8481,0.8422,0.845,0.845,0,0,0
1/9/2015,0.8479,0.8498,0.8438,0.844,0.844,0,0,0
1/8/2015,0.8448,0.8504,0.8437,0.8479,0.8479,0,0,0
1/7/2015,0.842,0.8471,0.8405,0.8448,0.8448,0,0,0
1/6/2015,0.8378,0.8433,0.8353,0.8421,0.8421,0,0,0
1/5/2015,0.8369,0.8409,0.8348,0.8378,0.8378,0,0,0
1/2/2015,0.8261,0.8333,0.826,0.8333,0.8333,0,0,0
1/1/2015,0.8262,0.8277,0.8257,0.8261,0.8261,0,0,0
12/31/2014,0.8223,0.8269,0.8215,0.8262,0.8262,0,0,0
12/30/2014,0.8224,0.8245,0.8204,0.8223,0.8223,0,0,0
12/26/2014,0.8177,0.8215,0.8177,0.8208,0.8208,0,0,0
12/25/2014,0.8191,0.8202,0.8155,0.8181,0.8181,0,0,0
12/24/2014,0.8214,0.8215,0.8181,0.8191,0.8191,0,0,0
12/23/2014,0.8175,0.8217,0.8164,0.8213,0.8213,0,0,0
12/22/2014,0.818,0.8183,0.8147,0.8175,0.8175,0,0,0
12/19/2014,0.8136,0.8179,0.8128,0.8175,0.8175,0,0,0
12/18/2014,0.8107,0.8149,0.8094,0.8135,0.8135,0,0,0
12/17/2014,0.799,0.8112,0.7988,0.8107,0.8107,0,0,0
12/16/2014,0.8032,0.8039,0.7958,0.799,0.799,0,0,0
12/15/2014,0.8013,0.8051,0.8013,0.8035,0.8035,0,0,0
12/12/2014,0.8058,0.8072,0.8007,0.802,0.802,0,0,0
12/11/2014,0.8032,0.8081,0.8,0.8058,0.8058,0,0,0
12/10/2014,0.8076,0.8086,0.803,0.8031,0.8031,0,0,0
12/9/2014,0.8117,0.8133,0.8034,0.8077,0.8077,0,0,0
12/8/2014,0.8138,0.8162,0.8101,0.8117,0.8117,0,0,0
12/5/2014,0.8076,0.8145,0.8067,0.8136,0.8136,0,0,0
12/4/2014,0.8123,0.813,0.8028,0.8076,0.8076,0,0,0
12/3/2014,0.8072,0.8127,0.8067,0.8123,0.8123,0,0,0
12/2/2014,0.8015,0.8077,0.8013,0.8073,0.8073,0,0,0
12/1/2014,0.8031,0.8049,0.7994,0.8015,0.8015,0,0,0
11/28/2014,0.8023,0.8044,0.8004,0.8028,0.8028,0,0,0
11/27/2014,0.7993,0.8024,0.7983,0.8022,0.8022,0,0,0
11/26/2014,0.8014,0.8034,0.798,0.7993,0.7993,0,0,0
11/25/2014,0.8037,0.8059,0.8008,0.8014,0.8014,0,0,0
11/24/2014,0.8038,0.8048,0.8032,0.8036,0.8036,0,0,0
11/21/2014,0.7971,0.8078,0.7955,0.807,0.807,0,0,0
11/20/2014,0.7968,0.7994,0.7951,0.7971,0.7971,0,0,0
11/19/2014,0.7977,0.7989,0.7944,0.7968,0.7968,0,0,0
11/18/2014,0.803,0.8034,0.797,0.7977,0.7977,0,0,0
11/17/2014,0.7986,0.8032,0.795,0.8029,0.8029,0,0,0
11/14/2014,0.8014,0.8062,0.7969,0.7982,0.7982,0,0,0
11/13/2014,0.8043,0.8044,0.8003,0.8013,0.8013,0,0,0
11/12/2014,0.8015,0.8049,0.7999,0.8044,0.8044,0,0,0
11/11/2014,0.8045,0.8045,0.7998,0.8015,0.8015,0,0,0
11/10/2014,0.8021,0.8049,0.7992,0.8046,0.8046,0,0,0
11/7/2014,0.8053,0.8054,0.8019,0.8025,0.8025,0,0,0
